run_id,finished,git_commit,job_id,kind,kangaroo,n_joints,seed,n_start,pop_size,n_gen,mutation_prob,grad_steps,step_sizes,designs,hv_ga,hv_refined,hv_refined_norm,step_size_wins,seconds_ga,seconds_refine,seconds,error
20261002-230106,2026-10-02T23:01:10,cf3e09b-dirty,k1-7j-s0,ga,1,7,0,16,16,3,none,10,0.0004 0.0001 3e-05,0,0.0,0.0,0.0,0.0004:0 0.0001:0 3e-05:0,3.1,0.0,3.1,
20261002-230106,2026-10-02T23:01:10,cf3e09b-dirty,k2-7j-s0,ga,2,7,0,16,16,3,none,10,0.0004 0.0001 3e-05,0,0.0,0.0,0.0,0.0004:0 0.0001:0 3e-05:0,0.5,0.0,0.5,
20261002-230106,2026-10-02T23:01:15,cf3e09b-dirty,k3-7j-s0,ga,3,7,0,16,16,3,none,10,0.0004 0.0001 3e-05,2,0.837351,1.408998,0.1409,0.0004:1 0.0001:0 3e-05:0,0.4,4.4,4.9,
20261002-230457,2026-10-02T23:05:17,cf3e09b-dirty,k1-7j-s0,ga,1,7,0,50,50,30,none,200,0.0004 0.0001 3e-05,2,0.328423,0.651185,0.325592,0.0004:1 0.0001:0 3e-05:0,6.2,13.5,19.7,
20261002-230457,2026-10-02T23:05:18,cf3e09b-dirty,k3-7j-s0,ga,3,7,0,50,50,30,none,200,0.0004 0.0001 3e-05,2,4.942477,8.248757,0.824876,0.0004:1 0.0001:0 3e-05:0,6.2,13.7,19.9,
20261002-230457,2026-10-02T23:05:18,cf3e09b-dirty,k2-7j-s0,ga,2,7,0,50,50,30,none,200,0.0004 0.0001 3e-05,2,0.00136,0.140557,0.093704,0.0004:1 0.0001:0 3e-05:0,6.3,13.6,19.9,
20261002-233526,2026-10-02T23:36:53,cf3e09b-dirty,k1-10j-s0,ga,1,10,0,200,200,150,none,1000,0.0004 0.0001 3e-05,0,0.0,0.0,0.0,0.0004:0 0.0001:0 3e-05:0,86.8,0.0,86.8,
20261002-233526,2026-10-02T23:37:03,cf3e09b-dirty,k1-5j-s0,ga,1,5,0,200,200,150,none,1000,0.0004 0.0001 3e-05,16,2.350575,2.865737,1.432869,0.0004:7 0.0001:1 3e-05:0,52.4,43.8,96.2,
20261002-233526,2026-10-02T23:37:53,cf3e09b-dirty,k1-7j-s0,ga,1,7,0,200,200,150,none,1000,0.0004 0.0001 3e-05,22,1.30483,1.410979,0.705489,0.0004:11 0.0001:0 3e-05:0,63.6,82.7,146.3,
20261002-233526,2026-10-02T23:38:17,cf3e09b-dirty,k1-12j-s0,ga,1,12,0,200,200,150,none,1000,0.0004 0.0001 3e-05,0,0.0,0.0,0.0,0.0004:0 0.0001:0 3e-05:0,83.2,0.0,83.2,
20261002-233526,2026-10-02T23:39:18,cf3e09b-dirty,k2-5j-s0,ga,2,5,0,200,200,150,none,1000,0.0004 0.0001 3e-05,24,3.360961,4.440149,2.9601,0.0004:4 0.0001:7 3e-05:1,53.0,82.5,135.6,
20261002-233526,2026-10-02T23:39:29,cf3e09b-dirty,k2-10j-s0,ga,2,10,0,200,200,150,none,1000,0.0004 0.0001 3e-05,0,0.0,0.0,0.0,0.0004:0 0.0001:0 3e-05:0,72.2,0.0,72.2,
20261002-233526,2026-10-02T23:40:09,cf3e09b-dirty,k2-7j-s0,ga,2,7,0,200,200,150,none,1000,0.0004 0.0001 3e-05,24,1.496829,2.697564,1.798376,0.0004:6 0.0001:3 3e-05:3,52.9,83.2,136.1,
20261002-233526,2026-10-02T23:40:58,cf3e09b-dirty,k2-12j-s0,ga,2,12,0,200,200,150,none,1000,0.0004 0.0001 3e-05,0,0.0,0.0,0.0,0.0004:0 0.0001:0 3e-05:0,99.1,0.0,99.1,
20261002-233526,2026-10-02T23:41:52,cf3e09b-dirty,k3-7j-s0,ga,3,7,0,200,200,150,none,1000,0.0004 0.0001 3e-05,12,10.433655,11.988308,1.198831,0.0004:5 0.0001:1 3e-05:0,55.2,48.1,103.3,
20261002-233526,2026-10-02T23:42:16,cf3e09b-dirty,k3-5j-s0,ga,3,5,0,200,200,150,none,1000,0.0004 0.0001 3e-05,40,12.327339,13.138167,1.313817,0.0004:14 0.0001:3 3e-05:3,48.8,117.8,166.6,
20261002-233526,2026-10-02T23:42:49,cf3e09b-dirty,k3-10j-s0,ga,3,10,0,200,200,150,none,1000,0.0004 0.0001 3e-05,8,3.968578,6.569378,0.656938,0.0004:3 0.0001:1 3e-05:0,67.6,44.2,111.8,
20261002-233526,2026-10-02T23:44:17,cf3e09b-dirty,k3-12j-s0,ga,3,12,0,200,200,150,none,1000,0.0004 0.0001 3e-05,8,2.57397,3.329355,0.332935,0.0004:3 0.0001:1 3e-05:0,96.1,48.1,144.1,
20261002-233526,2026-10-02T23:44:21,cf3e09b-dirty,k1-7j-s1,ga,1,7,1,200,200,150,none,1000,0.0004 0.0001 3e-05,12,0.666483,0.873063,0.436532,0.0004:3 0.0001:1 3e-05:2,56.5,35.7,92.1,
20261002-233526,2026-10-02T23:44:36,cf3e09b-dirty,k1-5j-s1,ga,1,5,1,200,200,150,none,1000,0.0004 0.0001 3e-05,32,1.940619,2.189722,1.094861,0.0004:8 0.0001:7 3e-05:1,53.6,86.5,140.2,
20261002-233526,2026-10-02T23:45:54,cf3e09b-dirty,k1-12j-s1,ga,1,12,1,200,200,150,none,1000,0.0004 0.0001 3e-05,0,0.0,0.0,0.0,0.0004:0 0.0001:0 3e-05:0,92.4,0.0,92.4,
20261002-233526,2026-10-02T23:46:10,cf3e09b-dirty,k1-10j-s1,ga,1,10,1,200,200,150,none,1000,0.0004 0.0001 3e-05,4,0.40269,0.474181,0.237091,0.0004:1 0.0001:1 3e-05:0,67.0,46.9,113.9,
20261002-233526,2026-10-02T23:47:38,cf3e09b-dirty,k2-7j-s1,ga,2,7,1,200,200,150,none,1000,0.0004 0.0001 3e-05,10,1.970181,3.060585,2.04039,0.0004:2 0.0001:2 3e-05:1,65.9,38.7,104.6,
20261002-233526,2026-10-02T23:47:48,cf3e09b-dirty,k2-10j-s1,ga,2,10,1,200,200,150,none,1000,0.0004 0.0001 3e-05,2,0.009373,0.009573,0.006382,0.0004:1 0.0001:0 3e-05:0,71.3,25.9,97.2,
20261002-233526,2026-10-02T23:48:03,cf3e09b-dirty,k2-5j-s1,ga,2,5,1,200,200,150,none,1000,0.0004 0.0001 3e-05,60,4.364589,5.175068,3.450045,0.0004:3 0.0001:12 3e-05:15,49.4,158.1,207.5,
20261002-233526,2026-10-02T23:49:24,cf3e09b-dirty,k2-12j-s1,ga,2,12,1,200,200,150,none,1000,0.0004 0.0001 3e-05,0,0.0,0.0,0.0,0.0004:0 0.0001:0 3e-05:0,105.6,0.0,105.6,
20261002-233526,2026-10-02T23:50:16,cf3e09b-dirty,k3-7j-s1,ga,3,7,1,200,200,150,none,1000,0.0004 0.0001 3e-05,26,10.091965,11.90334,1.190334,0.0004:8 0.0001:4 3e-05:1,53.8,79.0,132.9,
20261002-233526,2026-10-02T23:50:30,cf3e09b-dirty,k3-5j-s1,ga,3,5,1,200,200,150,none,1000,0.0004 0.0001 3e-05,48,13.860926,15.090537,1.509054,0.0004:21 0.0001:2 3e-05:1,49.9,112.8,162.7,
20261002-233526,2026-10-02T23:51:14,cf3e09b-dirty,k3-10j-s1,ga,3,10,1,200,200,150,none,1000,0.0004 0.0001 3e-05,10,5.45466,7.026235,0.702624,0.0004:3 0.0001:2 3e-05:0,68.1,41.7,109.8,
20261002-233526,2026-10-02T23:52:12,cf3e09b-dirty,k3-12j-s1,ga,3,12,1,200,200,150,none,1000,0.0004 0.0001 3e-05,4,1.490243,2.955125,0.295513,0.0004:1 0.0001:1 3e-05:0,84.2,31.9,116.1,
20261002-233526,2026-10-02T23:52:53,cf3e09b-dirty,k1-7j-s2,ga,1,7,2,200,200,150,none,1000,0.0004 0.0001 3e-05,12,1.607459,1.850127,0.925064,0.0004:6 0.0001:0 3e-05:0,56.9,41.7,98.6,
20261002-233526,2026-10-02T23:53:10,cf3e09b-dirty,k1-5j-s2,ga,1,5,2,200,200,150,none,1000,0.0004 0.0001 3e-05,43,2.889529,3.078463,1.539231,0.0004:1 0.0001:19 3e-05:1,50.6,108.8,159.4,
20261002-233526,2026-10-02T23:53:18,cf3e09b-dirty,k1-10j-s2,ga,1,10,2,200,200,150,none,1000,0.0004 0.0001 3e-05,0,0.0,0.0,0.0,0.0004:0 0.0001:0 3e-05:0,66.2,0.0,66.2,
20261002-233526,2026-10-02T23:54:17,cf3e09b-dirty,k1-12j-s2,ga,1,12,2,200,200,150,none,1000,0.0004 0.0001 3e-05,0,0.0,0.0,0.0,0.0004:0 0.0001:0 3e-05:0,84.8,0.0,84.8,
20261002-233526,2026-10-02T23:54:35,cf3e09b-dirty,k2-5j-s2,ga,2,5,2,200,200,150,none,1000,0.0004 0.0001 3e-05,14,4.721575,5.204663,3.469775,0.0004:3 0.0001:3 3e-05:1,45.7,39.2,84.9,
20261002-233526,2026-10-02T23:55:21,cf3e09b-dirty,k2-10j-s2,ga,2,10,2,200,200,150,none,1000,0.0004 0.0001 3e-05,0,0.0,0.0,0.0,0.0004:0 0.0001:0 3e-05:0,64.0,0.0,64.0,
20261002-233526,2026-10-02T23:55:27,cf3e09b-dirty,k2-7j-s2,ga,2,7,2,200,200,150,none,1000,0.0004 0.0001 3e-05,20,1.22733,3.146627,2.097751,0.0004:4 0.0001:4 3e-05:2,51.4,77.5,128.9,
20261002-233526,2026-10-02T23:55:54,cf3e09b-dirty,k2-12j-s2,ga,2,12,2,200,200,150,none,1000,0.0004 0.0001 3e-05,0,0.0,0.0,0.0,0.0004:0 0.0001:0 3e-05:0,79.7,0.0,79.7,
20261002-233526,2026-10-02T23:56:59,cf3e09b-dirty,k3-7j-s2,ga,3,7,2,200,200,150,none,1000,0.0004 0.0001 3e-05,10,10.443368,12.245992,1.224599,0.0004:4 0.0001:1 3e-05:0,49.7,41.7,91.4,
20261002-233526,2026-10-02T23:57:43,cf3e09b-dirty,k3-10j-s2,ga,3,10,2,200,200,150,none,1000,0.0004 0.0001 3e-05,16,5.041411,7.00197,0.700197,0.0004:8 0.0001:0 3e-05:0,65.4,43.3,108.7,
20261002-233526,2026-10-02T23:58:05,cf3e09b-dirty,k3-5j-s2,ga,3,5,2,200,200,150,none,1000,0.0004 0.0001 3e-05,46,13.337188,13.709569,1.370957,0.0004:9 0.0001:7 3e-05:6,50.3,113.1,163.4,
20261002-233526,2026-10-02T23:59:04,cf3e09b-dirty,k3-12j-s2,ga,3,12,2,200,200,150,none,1000,0.0004 0.0001 3e-05,2,2.96736,3.482106,0.348211,0.0004:0 0.0001:1 3e-05:0,82.1,43.6,125.7,
20261002-233526,2026-10-02T23:59:35,cf3e09b-dirty,k1-7j-s3,ga,1,7,3,200,200,150,none,1000,0.0004 0.0001 3e-05,12,0.740522,0.885266,0.442633,0.0004:6 0.0001:0 3e-05:0,48.1,42.0,90.1,
20261002-233526,2026-10-03T00:00:21,cf3e09b-dirty,k1-5j-s3,ga,1,5,3,200,200,150,none,1000,0.0004 0.0001 3e-05,40,1.876337,1.948849,0.974424,0.0004:13 0.0001:7 3e-05:0,49.6,108.6,158.2,
20261002-233526,2026-10-03T00:00:24,cf3e09b-dirty,k1-10j-s3,ga,1,10,3,200,200,150,none,1000,0.0004 0.0001 3e-05,2,0.039054,0.144902,0.072451,0.0004:0 0.0001:0 3e-05:1,65.7,14.1,79.8,
20261002-233526,2026-10-03T00:00:58,cf3e09b-dirty,k1-12j-s3,ga,1,12,3,200,200,150,none,1000,0.0004 0.0001 3e-05,0,0.0,0.0,0.0,0.0004:0 0.0001:0 3e-05:0,83.4,0.0,83.4,
20261002-233526,2026-10-03T00:01:17,cf3e09b-dirty,k2-5j-s3,ga,2,5,3,200,200,150,none,1000,0.0004 0.0001 3e-05,47,3.928337,4.484128,2.989419,0.0004:2 0.0001:6 3e-05:15,49.7,6.1,55.8,
20261002-233526,2026-10-03T00:02:03,cf3e09b-dirty,k2-10j-s3,ga,2,10,3,200,200,150,none,1000,0.0004 0.0001 3e-05,0,0.0,0.0,0.0,0.0004:0 0.0001:0 3e-05:0,64.4,0.0,64.4,
20261002-233526,2026-10-03T00:02:37,cf3e09b-dirty,k2-7j-s3,ga,2,7,3,200,200,150,none,1000,0.0004 0.0001 3e-05,20,2.002764,2.921743,1.947828,0.0004:6 0.0001:2 3e-05:2,55.0,77.6,132.6,
20261002-233526,2026-10-03T00:02:41,cf3e09b-dirty,k2-12j-s3,ga,2,12,3,200,200,150,none,1000,0.0004 0.0001 3e-05,0,0.0,0.0,0.0,0.0004:0 0.0001:0 3e-05:0,83.9,0.0,83.9,
20261002-233526,2026-10-03T00:04:16,cf3e09b-dirty,k3-7j-s3,ga,3,7,3,200,200,150,none,1000,0.0004 0.0001 3e-05,8,10.52092,12.460484,1.246048,0.0004:2 0.0001:0 3e-05:2,56.2,43.0,99.2,
20261002-233526,2026-10-03T00:04:29,cf3e09b-dirty,k3-10j-s3,ga,3,10,3,200,200,150,none,1000,0.0004 0.0001 3e-05,10,3.696853,6.495544,0.649554,0.0004:4 0.0001:0 3e-05:1,63.7,43.9,107.7,
20261002-233526,2026-10-03T00:04:46,cf3e09b-dirty,k3-5j-s3,ga,3,5,3,200,200,150,none,1000,0.0004 0.0001 3e-05,33,12.999373,13.600135,1.360013,0.0004:11 0.0001:3 3e-05:2,53.9,109.6,163.5,
20261002-233526,2026-10-03T00:05:38,cf3e09b-dirty,k3-12j-s3,ga,3,12,3,200,200,150,none,1000,0.0004 0.0001 3e-05,2,1.184466,1.954991,0.195499,0.0004:0 0.0001:0 3e-05:1,79.0,3.1,82.1,
20261002-233526,2026-10-03T00:06:34,cf3e09b-dirty,k1-5j-s4,ga,1,5,4,200,200,150,none,1000,0.0004 0.0001 3e-05,28,2.394455,2.791132,1.395566,0.0004:12 0.0001:2 3e-05:0,49.0,76.7,125.6,
20261002-233526,2026-10-03T00:06:55,cf3e09b-dirty,k1-7j-s4,ga,1,7,4,200,200,150,none,1000,0.0004 0.0001 3e-05,18,1.169782,1.861851,0.930925,0.0004:7 0.0001:2 3e-05:0,50.9,78.4,129.3,
20261002-233526,2026-10-03T00:07:28,cf3e09b-dirty,k1-10j-s4,ga,1,10,4,200,200,150,none,1000,0.0004 0.0001 3e-05,4,0.213504,0.406145,0.203073,0.0004:2 0.0001:0 3e-05:0,68.4,41.5,109.9,
20261002-233526,2026-10-03T00:07:56,cf3e09b-dirty,k1-12j-s4,ga,1,12,4,200,200,150,none,1000,0.0004 0.0001 3e-05,0,0.0,0.0,0.0,0.0004:0 0.0001:0 3e-05:0,81.7,0.0,81.7,
20261002-233526,2026-10-03T00:08:24,cf3e09b-dirty,k2-5j-s4,ga,2,5,4,200,200,150,none,1000,0.0004 0.0001 3e-05,14,4.04608,4.738232,3.158821,0.0004:1 0.0001:4 3e-05:2,49.0,39.3,88.3,
20261002-233526,2026-10-03T00:09:02,cf3e09b-dirty,k2-7j-s4,ga,2,7,4,200,200,150,none,1000,0.0004 0.0001 3e-05,16,1.979505,3.000928,2.000619,0.0004:4 0.0001:3 3e-05:1,53.8,40.4,94.1,
20261002-233526,2026-10-03T00:09:45,cf3e09b-dirty,k2-12j-s4,ga,2,12,4,200,200,150,none,1000,0.0004 0.0001 3e-05,0,0.0,0.0,0.0,0.0004:0 0.0001:0 3e-05:0,80.9,0.0,80.9,
20261002-233526,2026-10-03T00:09:54,cf3e09b-dirty,k2-10j-s4,ga,2,10,4,200,200,150,none,1000,0.0004 0.0001 3e-05,2,0.012498,0.070509,0.047006,0.0004:0 0.0001:1 3e-05:0,89.4,28.3,117.6,
20261002-233526,2026-10-03T00:11:05,cf3e09b-dirty,k3-5j-s4,ga,3,5,4,200,200,150,none,1000,0.0004 0.0001 3e-05,32,12.832216,13.696404,1.36964,0.0004:13 0.0001:1 3e-05:2,47.5,75.1,122.6,
20261002-233526,2026-10-03T00:11:29,cf3e09b-dirty,k3-10j-s4,ga,3,10,4,200,200,150,none,1000,0.0004 0.0001 3e-05,8,3.393547,6.055837,0.605584,0.0004:0 0.0001:4 3e-05:0,64.4,30.5,95.0,
20261002-233526,2026-10-03T00:11:59,cf3e09b-dirty,k3-7j-s4,ga,3,7,4,200,200,150,none,1000,0.0004 0.0001 3e-05,18,11.336315,12.41265,1.241265,0.0004:6 0.0001:2 3e-05:1,53.4,81.0,134.4,
20261002-233526,2026-10-03T00:13:06,cf3e09b-dirty,k3-12j-s4,ga,3,12,4,200,200,150,none,1000,0.0004 0.0001 3e-05,2,0.639284,1.328754,0.132875,0.0004:0 0.0001:1 3e-05:0,91.2,30.0,121.3,
20261002-233526,2026-10-03T00:13:44,cf3e09b-dirty,k1-7j-s5,ga,1,7,5,200,200,150,none,1000,0.0004 0.0001 3e-05,16,1.327312,1.71015,0.855075,0.0004:7 0.0001:1 3e-05:0,58.3,46.2,104.4,
20261002-233526,2026-10-03T00:14:13,cf3e09b-dirty,k1-10j-s5,ga,1,10,5,200,200,150,none,1000,0.0004 0.0001 3e-05,0,0.0,0.0,0.0,0.0004:0 0.0001:0 3e-05:0,67.1,0.0,67.1,
20261002-233526,2026-10-03T00:14:21,cf3e09b-dirty,k1-5j-s5,ga,1,5,5,200,200,150,none,1000,0.0004 0.0001 3e-05,42,2.336414,2.77258,1.38629,0.0004:3 0.0001:16 3e-05:2,55.2,116.8,172.0,
20261002-233526,2026-10-03T00:15:04,cf3e09b-dirty,k1-12j-s5,ga,1,12,5,200,200,150,none,1000,0.0004 0.0001 3e-05,0,0.0,0.0,0.0,0.0004:0 0.0001:0 3e-05:0,80.5,0.0,80.5,
20261002-233526,2026-10-03T00:15:59,cf3e09b-dirty,k2-7j-s5,ga,2,7,5,200,200,150,none,1000,0.0004 0.0001 3e-05,21,1.70429,2.111144,1.407429,0.0004:0 0.0001:3 3e-05:7,56.8,41.2,98.0,
20261002-233526,2026-10-03T00:16:09,cf3e09b-dirty,k2-10j-s5,ga,2,10,5,200,200,150,none,1000,0.0004 0.0001 3e-05,0,0.0,0.0,0.0,0.0004:0 0.0001:0 3e-05:0,64.9,0.0,64.9,
20261002-233526,2026-10-03T00:16:23,cf3e09b-dirty,k2-5j-s5,ga,2,5,5,200,200,150,none,1000,0.0004 0.0001 3e-05,32,4.200618,4.819084,3.212723,0.0004:8 0.0001:1 3e-05:7,52.6,77.7,130.3,
20261002-233526,2026-10-03T00:17:22,cf3e09b-dirty,k2-12j-s5,ga,2,12,5,200,200,150,none,1000,0.0004 0.0001 3e-05,0,0.0,0.0,0.0,0.0004:0 0.0001:0 3e-05:0,82.8,0.0,82.8,
20261002-233526,2026-10-03T00:18:42,cf3e09b-dirty,k3-7j-s5,ga,3,7,5,200,200,150,none,1000,0.0004 0.0001 3e-05,22,11.176996,12.988544,1.298854,0.0004:6 0.0001:4 3e-05:1,56.8,82.0,138.9,
20261002-233526,2026-10-03T00:19:38,cf3e09b-dirty,k3-5j-s5,ga,3,5,5,200,200,150,none,1000,0.0004 0.0001 3e-05,64,14.594359,15.077407,1.507741,0.0004:7 0.0001:8 3e-05:17,55.7,153.5,209.2,
20261002-233526,2026-10-03T00:19:53,cf3e09b-dirty,k3-10j-s5,ga,3,10,5,200,200,150,none,1000,0.0004 0.0001 3e-05,18,3.056622,5.393192,0.539319,0.0004:6 0.0001:1 3e-05:2,65.2,86.0,151.2,
20261002-233526,2026-10-03T00:21:23,cf3e09b-dirty,k1-7j-s6,ga,1,7,6,200,200,150,none,1000,0.0004 0.0001 3e-05,6,0.912056,1.40595,0.702975,0.0004:3 0.0001:0 3e-05:0,48.2,42.5,90.7,
20261002-233526,2026-10-03T00:21:55,cf3e09b-dirty,k3-12j-s5,ga,3,12,5,200,200,150,none,1000,0.0004 0.0001 3e-05,22,6.121212,7.183413,0.718341,0.0004:8 0.0001:0 3e-05:3,107.9,84.4,192.2,
20261002-233526,2026-10-03T00:22:18,cf3e09b-dirty,k1-5j-s6,ga,1,5,6,200,200,150,none,1000,0.0004 0.0001 3e-05,36,2.178093,3.167476,1.583738,0.0004:13 0.0001:4 3e-05:1,48.4,111.3,159.7,
20261002-233526,2026-10-03T00:22:32,cf3e09b-dirty,k1-10j-s6,ga,1,10,6,200,200,150,none,1000,0.0004 0.0001 3e-05,0,0.0,0.0,0.0,0.0004:0 0.0001:0 3e-05:0,68.6,0.0,68.6,
20261002-233526,2026-10-03T00:23:16,cf3e09b-dirty,k1-12j-s6,ga,1,12,6,200,200,150,none,1000,0.0004 0.0001 3e-05,0,0.0,0.0,0.0,0.0004:0 0.0001:0 3e-05:0,81.5,0.0,81.5,
20261002-233526,2026-10-03T00:23:59,cf3e09b-dirty,k2-7j-s6,ga,2,7,6,200,200,150,none,1000,0.0004 0.0001 3e-05,8,1.792601,2.50222,1.668147,0.0004:1 0.0001:3 3e-05:0,49.9,37.2,87.0,
20261002-233526,2026-10-03T00:24:22,cf3e09b-dirty,k2-10j-s6,ga,2,10,6,200,200,150,none,1000,0.0004 0.0001 3e-05,0,0.0,0.0,0.0,0.0004:0 0.0001:0 3e-05:0,65.9,0.0,65.9,
20261002-233526,2026-10-03T00:25:23,cf3e09b-dirty,k2-12j-s6,ga,2,12,6,200,200,150,none,1000,0.0004 0.0001 3e-05,0,0.0,0.0,0.0,0.0004:0 0.0001:0 3e-05:0,84.2,0.0,84.2,
20261002-233526,2026-10-03T00:25:32,cf3e09b-dirty,k2-5j-s6,ga,2,5,6,200,200,150,none,1000,0.0004 0.0001 3e-05,56,4.607258,4.976254,3.317503,0.0004:9 0.0001:19 3e-05:0,49.8,144.9,194.7,
20261002-233526,2026-10-03T00:26:59,cf3e09b-dirty,k3-7j-s6,ga,3,7,6,200,200,150,none,1000,0.0004 0.0001 3e-05,12,10.599539,12.19541,1.219541,0.0004:5 0.0001:1 3e-05:0,53.6,42.0,95.7,
20261002-233526,2026-10-03T00:27:19,cf3e09b-dirty,k3-10j-s6,ga,3,10,6,200,200,150,none,1000,0.0004 0.0001 3e-05,16,4.489689,5.834284,0.583428,0.0004:3 0.0001:4 3e-05:1,63.0,43.9,106.9,
20261002-233526,2026-10-03T00:27:39,cf3e09b-dirty,k3-5j-s6,ga,3,5,6,200,200,150,none,1000,0.0004 0.0001 3e-05,54,13.354233,14.848039,1.484804,0.0004:18 0.0001:4 3e-05:5,52.3,145.1,197.4,
20261002-233526,2026-10-03T00:29:07,cf3e09b-dirty,k3-12j-s6,ga,3,12,6,200,200,150,none,1000,0.0004 0.0001 3e-05,6,1.79132,2.617803,0.26178,0.0004:3 0.0001:0 3e-05:0,83.1,45.1,128.2,
20261002-233526,2026-10-03T00:29:13,cf3e09b-dirty,k1-7j-s7,ga,1,7,7,200,200,150,none,1000,0.0004 0.0001 3e-05,3,0.359281,0.411252,0.205626,0.0004:1 0.0001:0 3e-05:0,50.5,42.6,93.1,
20261002-233526,2026-10-03T00:30:12,cf3e09b-dirty,k1-10j-s7,ga,1,10,7,200,200,150,none,1000,0.0004 0.0001 3e-05,0,0.0,0.0,0.0,0.0004:0 0.0001:0 3e-05:0,65.1,0.0,65.1,
20261002-233526,2026-10-03T00:30:31,cf3e09b-dirty,k1-12j-s7,ga,1,12,7,200,200,150,none,1000,0.0004 0.0001 3e-05,0,0.0,0.0,0.0,0.0004:0 0.0001:0 3e-05:0,78.9,0.0,78.9,
20261002-233526,2026-10-03T00:30:34,cf3e09b-dirty,k1-5j-s7,ga,1,5,7,200,200,150,none,1000,0.0004 0.0001 3e-05,64,2.640329,3.377033,1.688516,0.0004:18 0.0001:12 3e-05:2,50.6,143.7,194.2,
20261002-233526,2026-10-03T00:31:38,cf3e09b-dirty,k2-10j-s7,ga,2,10,7,200,200,150,none,1000,0.0004 0.0001 3e-05,0,0.0,0.0,0.0,0.0004:0 0.0001:0 3e-05:0,64.8,0.0,64.8,
20261002-233526,2026-10-03T00:32:07,cf3e09b-dirty,k2-7j-s7,ga,2,7,7,200,200,150,none,1000,0.0004 0.0001 3e-05,16,1.230107,1.868528,1.245686,0.0004:4 0.0001:1 3e-05:3,55.2,40.2,95.4,
20261002-233526,2026-10-03T00:32:20,cf3e09b-dirty,k2-5j-s7,ga,2,5,7,200,200,150,none,1000,0.0004 0.0001 3e-05,31,4.375236,4.635137,3.090091,0.0004:6 0.0001:9 3e-05:0,50.8,76.6,127.4,
20261002-233526,2026-10-03T00:33:24,cf3e09b-dirty,k2-12j-s7,ga,2,12,7,200,200,150,none,1000,0.0004 0.0001 3e-05,0,0.0,0.0,0.0,0.0004:0 0.0001:0 3e-05:0,105.8,0.0,105.8,
20261002-233526,2026-10-03T00:33:53,cf3e09b-dirty,k3-7j-s7,ga,3,7,7,200,200,150,none,1000,0.0004 0.0001 3e-05,10,9.871711,12.424409,1.242441,0.0004:2 0.0001:2 3e-05:1,51.8,41.3,93.0,
20261002-233526,2026-10-03T00:34:10,cf3e09b-dirty,k3-5j-s7,ga,3,5,7,200,200,150,none,1000,0.0004 0.0001 3e-05,32,12.623146,13.253133,1.325313,0.0004:5 0.0001:10 3e-05:1,48.9,74.7,123.6,
20261002-233526,2026-10-03T00:35:01,cf3e09b-dirty,k3-10j-s7,ga,3,10,7,200,200,150,none,1000,0.0004 0.0001 3e-05,6,6.981518,9.023919,0.902392,0.0004:1 0.0001:0 3e-05:2,62.9,34.3,97.2,
20261002-233526,2026-10-03T00:36:16,cf3e09b-dirty,k1-5j-s8,ga,1,5,8,200,200,150,none,1000,0.0004 0.0001 3e-05,22,2.407895,2.834381,1.41719,0.0004:8 0.0001:3 3e-05:0,49.8,75.8,125.6,
20261002-233526,2026-10-03T00:36:27,cf3e09b-dirty,k3-12j-s7,ga,3,12,7,200,200,150,none,1000,0.0004 0.0001 3e-05,12,4.773966,5.799287,0.579929,0.0004:4 0.0001:2 3e-05:0,108.7,45.6,154.3,
20261002-233526,2026-10-03T00:37:15,cf3e09b-dirty,k1-7j-s8,ga,1,7,8,200,200,150,none,1000,0.0004 0.0001 3e-05,24,1.414479,1.810154,0.905077,0.0004:10 0.0001:2 3e-05:0,55.0,78.6,133.6,
20261002-233526,2026-10-03T00:37:21,cf3e09b-dirty,k1-10j-s8,ga,1,10,8,200,200,150,none,1000,0.0004 0.0001 3e-05,0,0.0,0.0,0.0,0.0004:0 0.0001:0 3e-05:0,65.1,0.0,65.1,
20261002-233526,2026-10-03T00:37:47,cf3e09b-dirty,k1-12j-s8,ga,1,12,8,200,200,150,none,1000,0.0004 0.0001 3e-05,0,0.0,0.0,0.0,0.0004:0 0.0001:0 3e-05:0,80.5,0.0,80.5,
20261002-233526,2026-10-03T00:38:57,cf3e09b-dirty,k2-10j-s8,ga,2,10,8,200,200,150,none,1000,0.0004 0.0001 3e-05,0,0.0,0.0,0.0,0.0004:0 0.0001:0 3e-05:0,69.2,0.0,69.2,
20261002-233526,2026-10-03T00:39:00,cf3e09b-dirty,k2-7j-s8,ga,2,7,8,200,200,150,none,1000,0.0004 0.0001 3e-05,16,1.616515,2.575535,1.717023,0.0004:2 0.0001:1 3e-05:5,58.0,41.1,99.2,
20261002-233526,2026-10-03T00:39:19,cf3e09b-dirty,k2-5j-s8,ga,2,5,8,200,200,150,none,1000,0.0004 0.0001 3e-05,29,4.711932,5.00969,3.339794,0.0004:2 0.0001:4 3e-05:8,48.6,75.3,123.9,
20261002-233526,2026-10-03T00:40:17,cf3e09b-dirty,k2-12j-s8,ga,2,12,8,200,200,150,none,1000,0.0004 0.0001 3e-05,0,0.0,0.0,0.0,0.0004:0 0.0001:0 3e-05:0,80.8,0.0,80.8,
20261002-233526,2026-10-03T00:41:37,cf3e09b-dirty,k3-7j-s8,ga,3,7,8,200,200,150,none,1000,0.0004 0.0001 3e-05,24,8.93436,9.134119,0.913412,0.0004:10 0.0001:1 3e-05:1,58.1,80.3,138.4,
20261002-233526,2026-10-03T00:41:45,cf3e09b-dirty,k3-5j-s8,ga,3,5,8,200,200,150,none,1000,0.0004 0.0001 3e-05,47,14.698057,15.473238,1.547324,0.0004:5 0.0001:9 3e-05:9,54.3,110.8,165.0,
20261002-233526,2026-10-03T00:42:16,cf3e09b-dirty,k3-10j-s8,ga,3,10,8,200,200,150,none,1000,0.0004 0.0001 3e-05,14,6.174285,7.542356,0.754236,0.0004:6 0.0001:1 3e-05:0,75.9,42.5,118.5,
20261002-233526,2026-10-03T00:43:43,cf3e09b-dirty,k3-12j-s8,ga,3,12,8,200,200,150,none,1000,0.0004 0.0001 3e-05,6,0.952044,1.184284,0.118428,0.0004:2 0.0001:1 3e-05:0,80.4,45.0,125.4,
20261002-233526,2026-10-03T00:43:50,cf3e09b-dirty,k1-7j-s9,ga,1,7,9,200,200,150,none,1000,0.0004 0.0001 3e-05,6,0.983191,1.120056,0.560028,0.0004:2 0.0001:1 3e-05:0,52.2,42.2,94.4,
20261002-233526,2026-10-03T00:44:27,cf3e09b-dirty,k1-5j-s9,ga,1,5,9,200,200,150,none,1000,0.0004 0.0001 3e-05,46,2.476365,2.539628,1.269814,0.0004:5 0.0001:17 3e-05:1,52.2,109.2,161.4,
20261002-233526,2026-10-03T00:45:09,cf3e09b-dirty,k1-12j-s9,ga,1,12,9,200,200,150,none,1000,0.0004 0.0001 3e-05,0,0.0,0.0,0.0,0.0004:0 0.0001:0 3e-05:0,78.7,0.0,78.7,
20261002-233526,2026-10-03T00:45:27,cf3e09b-dirty,k2-5j-s9,ga,2,5,9,200,200,150,none,1000,0.0004 0.0001 3e-05,15,3.108842,3.32286,2.21524,0.0004:0 0.0001:1 3e-05:6,53.5,6.9,60.4,
20261002-233526,2026-10-03T00:45:30,cf3e09b-dirty,k1-10j-s9,ga,1,10,9,200,200,150,none,1000,0.0004 0.0001 3e-05,4,0.005816,0.213712,0.106856,0.0004:1 0.0001:1 3e-05:0,68.1,39.0,107.1,
20261002-233526,2026-10-03T00:46:48,cf3e09b-dirty,k2-12j-s9,ga,2,12,9,200,200,150,none,1000,0.0004 0.0001 3e-05,0,0.0,0.0,0.0,0.0004:0 0.0001:0 3e-05:0,78.0,0.0,78.0,
20261002-233526,2026-10-03T00:47:13,cf3e09b-dirty,k2-10j-s9,ga,2,10,9,200,200,150,none,1000,0.0004 0.0001 3e-05,10,0.266494,0.50244,0.33496,0.0004:1 0.0001:4 3e-05:0,74.7,31.0,105.7,
20261002-233526,2026-10-03T00:47:18,cf3e09b-dirty,k2-7j-s9,ga,2,7,9,200,200,150,none,1000,0.0004 0.0001 3e-05,24,1.503209,2.496928,1.664619,0.0004:4 0.0001:6 3e-05:2,50.8,78.0,128.8,
20261002-233526,2026-10-03T00:48:46,cf3e09b-dirty,k3-7j-s9,ga,3,7,9,200,200,150,none,1000,0.0004 0.0001 3e-05,16,11.452607,12.810385,1.281038,0.0004:5 0.0001:3 3e-05:0,50.9,42.0,92.9,
20261002-233526,2026-10-03T00:49:07,cf3e09b-dirty,k3-10j-s9,ga,3,10,9,200,200,150,none,1000,0.0004 0.0001 3e-05,10,5.467999,6.255873,0.625587,0.0004:3 0.0001:2 3e-05:0,65.6,43.6,109.2,
20261002-233526,2026-10-03T00:49:32,cf3e09b-dirty,k3-5j-s9,ga,3,5,9,200,200,150,none,1000,0.0004 0.0001 3e-05,41,12.579736,15.238751,1.523875,0.0004:7 0.0001:1 3e-05:12,54.9,108.9,163.8,
20261002-233526,2026-10-03T00:50:49,cf3e09b-dirty,k3-12j-s9,ga,3,12,9,200,200,150,none,1000,0.0004 0.0001 3e-05,11,0.828376,2.734665,0.273466,0.0004:2 0.0001:2 3e-05:1,79.0,44.4,123.5,
20261002-233526,2026-10-03T00:51:50,cf3e09b-dirty,k1-5j-s10,ga,1,5,10,200,200,150,none,1000,0.0004 0.0001 3e-05,36,2.702668,2.873981,1.436991,0.0004:12 0.0001:3 3e-05:3,51.8,110.8,162.6,
20261002-233526,2026-10-03T00:51:53,cf3e09b-dirty,k1-7j-s10,ga,1,7,10,200,200,150,none,1000,0.0004 0.0001 3e-05,32,1.456762,1.760209,0.880104,0.0004:13 0.0001:2 3e-05:1,60.9,80.7,141.6,
20261002-233526,2026-10-03T00:52:37,cf3e09b-dirty,k1-10j-s10,ga,1,10,10,200,200,150,none,1000,0.0004 0.0001 3e-05,2,0.280298,0.528492,0.264246,0.0004:1 0.0001:0 3e-05:0,66.9,41.0,107.9,
20261002-233526,2026-10-03T00:53:10,cf3e09b-dirty,k1-12j-s10,ga,1,12,10,200,200,150,none,1000,0.0004 0.0001 3e-05,0,0.0,0.0,0.0,0.0004:0 0.0001:0 3e-05:0,80.5,0.0,80.5,
20261002-233526,2026-10-03T00:54:16,cf3e09b-dirty,k2-10j-s10,ga,2,10,10,200,200,150,none,1000,0.0004 0.0001 3e-05,0,0.0,0.0,0.0,0.0004:0 0.0001:0 3e-05:0,65.4,0.0,65.4,
20261002-233526,2026-10-03T00:54:32,cf3e09b-dirty,k2-5j-s10,ga,2,5,10,200,200,150,none,1000,0.0004 0.0001 3e-05,34,3.049836,4.565466,3.043644,0.0004:12 0.0001:2 3e-05:3,48.9,109.3,158.2,
20261002-233526,2026-10-03T00:54:46,cf3e09b-dirty,k2-7j-s10,ga,2,7,10,200,200,150,none,1000,0.0004 0.0001 3e-05,20,1.125521,1.590898,1.060598,0.0004:6 0.0001:3 3e-05:1,50.5,78.8,129.3,
20261002-233526,2026-10-03T00:55:38,cf3e09b-dirty,k2-12j-s10,ga,2,12,10,200,200,150,none,1000,0.0004 0.0001 3e-05,0,0.0,0.0,0.0,0.0004:0 0.0001:0 3e-05:0,82.0,0.0,82.0,
20261002-233526,2026-10-03T00:56:18,cf3e09b-dirty,k3-7j-s10,ga,3,7,10,200,200,150,none,1000,0.0004 0.0001 3e-05,16,9.885914,13.162452,1.316245,0.0004:7 0.0001:0 3e-05:1,49.7,42.1,91.7,
20261002-233526,2026-10-03T00:57:11,cf3e09b-dirty,k3-5j-s10,ga,3,5,10,200,200,150,none,1000,0.0004 0.0001 3e-05,34,11.97143,13.027076,1.302708,0.0004:8 0.0001:4 3e-05:5,49.6,110.0,159.5,
20261002-233526,2026-10-03T00:57:26,cf3e09b-dirty,k3-10j-s10,ga,3,10,10,200,200,150,none,1000,0.0004 0.0001 3e-05,15,4.300826,5.269746,0.526975,0.0004:7 0.0001:0 3e-05:0,65.3,43.5,108.8,
20261002-233526,2026-10-03T00:58:25,cf3e09b-dirty,k3-12j-s10,ga,3,12,10,200,200,150,none,1000,0.0004 0.0001 3e-05,7,1.932629,2.255985,0.225598,0.0004:0 0.0001:3 3e-05:0,82.6,44.1,126.6,
20261002-233526,2026-10-03T00:58:58,cf3e09b-dirty,k1-7j-s11,ga,1,7,11,200,200,150,none,1000,0.0004 0.0001 3e-05,10,1.030285,1.719468,0.859734,0.0004:3 0.0001:2 3e-05:0,49.3,42.7,92.1,
20261002-233526,2026-10-03T00:59:37,cf3e09b-dirty,k1-10j-s11,ga,1,10,11,200,200,150,none,1000,0.0004 0.0001 3e-05,0,0.0,0.0,0.0,0.0004:0 0.0001:0 3e-05:0,72.1,0.0,72.1,
20261002-233526,2026-10-03T00:59:54,cf3e09b-dirty,k1-5j-s11,ga,1,5,11,200,200,150,none,1000,0.0004 0.0001 3e-05,44,2.811967,3.108531,1.554266,0.0004:9 0.0001:13 3e-05:0,52.8,110.4,163.1,
20261002-233526,2026-10-03T01:00:25,cf3e09b-dirty,k1-12j-s11,ga,1,12,11,200,200,150,none,1000,0.0004 0.0001 3e-05,0,0.0,0.0,0.0,0.0004:0 0.0001:0 3e-05:0,86.6,0.0,86.6,
20261002-233526,2026-10-03T01:01:31,cf3e09b-dirty,k2-10j-s11,ga,2,10,11,200,200,150,none,1000,0.0004 0.0001 3e-05,0,0.0,0.0,0.0,0.0004:0 0.0001:0 3e-05:0,65.7,0.0,65.7,
20261002-233526,2026-10-03T01:02:14,cf3e09b-dirty,k2-7j-s11,ga,2,7,11,200,200,150,none,1000,0.0004 0.0001 3e-05,20,2.483249,3.038673,2.025782,0.0004:1 0.0001:3 3e-05:6,59.5,79.8,139.3,
20261002-233526,2026-10-03T01:02:50,cf3e09b-dirty,k2-5j-s11,ga,2,5,11,200,200,150,none,1000,0.0004 0.0001 3e-05,58,4.518428,4.547286,3.031524,0.0004:11 0.0001:11 3e-05:7,49.3,144.1,193.4,
20261002-233526,2026-10-03T01:02:59,cf3e09b-dirty,k2-12j-s11,ga,2,12,11,200,200,150,none,1000,0.0004 0.0001 3e-05,0,0.0,0.0,0.0,0.0004:0 0.0001:0 3e-05:0,88.7,0.0,88.7,
20261002-233526,2026-10-03T01:04:08,cf3e09b-dirty,k3-10j-s11,ga,3,10,11,200,200,150,none,1000,0.0004 0.0001 3e-05,4,4.961844,6.132088,0.613209,0.0004:1 0.0001:0 3e-05:1,65.8,3.3,69.0,
20261002-233526,2026-10-03T01:04:50,cf3e09b-dirty,k3-5j-s11,ga,3,5,11,200,200,150,none,1000,0.0004 0.0001 3e-05,46,14.053437,14.657831,1.465783,0.0004:6 0.0001:8 3e-05:9,47.1,109.7,156.8,
20261002-233526,2026-10-03T01:05:01,cf3e09b-dirty,k3-7j-s11,ga,3,7,11,200,200,150,none,1000,0.0004 0.0001 3e-05,22,10.89725,12.281518,1.228152,0.0004:10 0.0001:1 3e-05:0,52.4,78.2,130.6,
20261002-233526,2026-10-03T01:06:29,cf3e09b-dirty,k3-12j-s11,ga,3,12,11,200,200,150,none,1000,0.0004 0.0001 3e-05,10,2.220778,3.129462,0.312946,0.0004:1 0.0001:2 3e-05:2,96.4,44.7,141.1,
20261002-233526,2026-10-03T01:06:31,cf3e09b-dirty,k1-7j-s12,ga,1,7,12,200,200,150,none,1000,0.0004 0.0001 3e-05,8,0.768198,1.329025,0.664512,0.0004:3 0.0001:1 3e-05:0,47.8,42.2,90.0,
20261002-233526,2026-10-03T01:07:35,cf3e09b-dirty,k1-10j-s12,ga,1,10,12,200,200,150,none,1000,0.0004 0.0001 3e-05,0,0.0,0.0,0.0,0.0004:0 0.0001:0 3e-05:0,65.4,0.0,65.4,
20261002-233526,2026-10-03T01:08:01,cf3e09b-dirty,k1-12j-s12,ga,1,12,12,200,200,150,none,1000,0.0004 0.0001 3e-05,0,0.0,0.0,0.0,0.0004:0 0.0001:0 3e-05:0,90.5,0.0,90.5,
20261002-233526,2026-10-03T01:08:05,cf3e09b-dirty,k1-5j-s12,ga,1,5,12,200,200,150,none,1000,0.0004 0.0001 3e-05,52,2.638363,3.007055,1.503527,0.0004:15 0.0001:8 3e-05:3,50.7,143.9,194.6,
20261002-233526,2026-10-03T01:09:11,cf3e09b-dirty,k2-10j-s12,ga,2,10,12,200,200,150,none,1000,0.0004 0.0001 3e-05,0,0.0,0.0,0.0,0.0004:0 0.0001:0 3e-05:0,66.0,0.0,66.0,
20261002-233526,2026-10-03T01:09:39,cf3e09b-dirty,k2-7j-s12,ga,2,7,12,200,200,150,none,1000,0.0004 0.0001 3e-05,10,1.481176,2.598901,1.732601,0.0004:2 0.0001:3 3e-05:0,56.1,41.4,97.5,
20261002-233526,2026-10-03T01:09:40,cf3e09b-dirty,k2-5j-s12,ga,2,5,12,200,200,150,none,1000,0.0004 0.0001 3e-05,21,4.575524,5.017508,3.345005,0.0004:0 0.0001:6 3e-05:4,50.0,75.3,125.3,
20261002-233526,2026-10-03T01:10:41,cf3e09b-dirty,k2-12j-s12,ga,2,12,12,200,200,150,none,1000,0.0004 0.0001 3e-05,0,0.0,0.0,0.0,0.0004:0 0.0001:0 3e-05:0,89.8,0.0,89.8,
20261002-233526,2026-10-03T01:11:54,cf3e09b-dirty,k3-7j-s12,ga,3,7,12,200,200,150,none,1000,0.0004 0.0001 3e-05,22,10.108413,12.628379,1.262838,0.0004:7 0.0001:3 3e-05:1,55.2,79.0,134.2,
20261002-233526,2026-10-03T01:12:19,cf3e09b-dirty,k3-5j-s12,ga,3,5,12,200,200,150,none,1000,0.0004 0.0001 3e-05,42,14.584369,14.896955,1.489695,0.0004:8 0.0001:8 3e-05:5,50.5,109.3,159.8,
20261002-233526,2026-10-03T01:12:30,cf3e09b-dirty,k3-10j-s12,ga,3,10,12,200,200,150,none,1000,0.0004 0.0001 3e-05,8,4.514251,5.919403,0.59194,0.0004:3 0.0001:0 3e-05:1,66.9,42.6,109.6,
20261002-233526,2026-10-03T01:14:04,cf3e09b-dirty,k3-12j-s12,ga,3,12,12,200,200,150,none,1000,0.0004 0.0001 3e-05,10,2.058885,4.154535,0.415454,0.0004:1 0.0001:0 3e-05:4,85.0,44.4,129.5,
20261002-233526,2026-10-03T01:14:48,cf3e09b-dirty,k1-7j-s13,ga,1,7,13,200,200,150,none,1000,0.0004 0.0001 3e-05,20,1.390408,1.60709,0.803545,0.0004:9 0.0001:1 3e-05:0,57.2,80.9,138.1,
20261002-233526,2026-10-03T01:14:56,cf3e09b-dirty,k1-5j-s13,ga,1,5,13,200,200,150,none,1000,0.0004 0.0001 3e-05,44,1.896417,2.003045,1.001522,0.0004:15 0.0001:6 3e-05:1,46.4,111.0,157.5,
20261002-233526,2026-10-03T01:15:11,cf3e09b-dirty,k1-10j-s13,ga,1,10,13,200,200,150,none,1000,0.0004 0.0001 3e-05,0,0.0,0.0,0.0,0.0004:0 0.0001:0 3e-05:0,67.3,0.0,67.3,
20261002-233526,2026-10-03T01:16:11,cf3e09b-dirty,k1-12j-s13,ga,1,12,13,200,200,150,none,1000,0.0004 0.0001 3e-05,0,0.0,0.0,0.0,0.0004:0 0.0001:0 3e-05:0,82.9,0.0,82.9,
20261002-233526,2026-10-03T01:16:44,cf3e09b-dirty,k2-7j-s13,ga,2,7,13,200,200,150,none,1000,0.0004 0.0001 3e-05,16,2.284933,3.506236,2.337491,0.0004:3 0.0001:4 3e-05:1,51.8,40.8,92.6,
20261002-233526,2026-10-03T01:17:01,cf3e09b-dirty,k2-5j-s13,ga,2,5,13,200,200,150,none,1000,0.0004 0.0001 3e-05,20,4.228356,4.757284,3.171523,0.0004:1 0.0001:6 3e-05:3,50.2,74.8,125.0,
20261002-233526,2026-10-03T01:17:17,cf3e09b-dirty,k2-10j-s13,ga,2,10,13,200,200,150,none,1000,0.0004 0.0001 3e-05,0,0.0,0.0,0.0,0.0004:0 0.0001:0 3e-05:0,65.7,0.0,65.7,
20261002-233526,2026-10-03T01:18:07,cf3e09b-dirty,k2-12j-s13,ga,2,12,13,200,200,150,none,1000,0.0004 0.0001 3e-05,0,0.0,0.0,0.0,0.0004:0 0.0001:0 3e-05:0,83.8,0.0,83.8,
20261002-233526,2026-10-03T01:18:52,cf3e09b-dirty,k3-7j-s13,ga,3,7,13,200,200,150,none,1000,0.0004 0.0001 3e-05,6,9.812851,10.979467,1.097947,0.0004:3 0.0001:0 3e-05:0,53.0,42.2,95.2,
20261002-233526,2026-10-03T01:19:41,cf3e09b-dirty,k3-5j-s13,ga,3,5,13,200,200,150,none,1000,0.0004 0.0001 3e-05,34,13.826588,14.886179,1.488618,0.0004:4 0.0001:8 3e-05:5,51.2,108.8,160.0,
20261002-233526,2026-10-03T01:19:57,cf3e09b-dirty,k3-10j-s13,ga,3,10,13,200,200,150,none,1000,0.0004 0.0001 3e-05,16,4.080717,6.135626,0.613563,0.0004:3 0.0001:4 3e-05:1,66.8,42.7,109.6,
20261002-233526,2026-10-03T01:20:35,cf3e09b-dirty,k3-12j-s13,ga,3,12,13,200,200,150,none,1000,0.0004 0.0001 3e-05,4,1.6822,2.523932,0.252393,0.0004:1 0.0001:0 3e-05:1,82.7,20.2,102.9,
20261002-233526,2026-10-03T01:20:46,cf3e09b-dirty,k1-7j-s14,ga,1,7,14,200,200,150,none,1000,0.0004 0.0001 3e-05,4,0.3616,0.569471,0.284736,0.0004:0 0.0001:1 3e-05:1,48.0,1.2,49.2,
20261002-233526,2026-10-03T01:21:45,cf3e09b-dirty,k1-10j-s14,ga,1,10,14,200,200,150,none,1000,0.0004 0.0001 3e-05,0,0.0,0.0,0.0,0.0004:0 0.0001:0 3e-05:0,70.2,0.0,70.2,
20261002-233526,2026-10-03T01:22:07,cf3e09b-dirty,k1-12j-s14,ga,1,12,14,200,200,150,none,1000,0.0004 0.0001 3e-05,0,0.0,0.0,0.0,0.0004:0 0.0001:0 3e-05:0,80.7,0.0,80.7,
20261002-233526,2026-10-03T01:22:21,cf3e09b-dirty,k1-5j-s14,ga,1,5,14,200,200,150,none,1000,0.0004 0.0001 3e-05,46,2.810277,3.208016,1.604008,0.0004:17 0.0001:6 3e-05:0,51.4,108.9,160.3,
20261002-233526,2026-10-03T01:23:29,cf3e09b-dirty,k2-10j-s14,ga,2,10,14,200,200,150,none,1000,0.0004 0.0001 3e-05,0,0.0,0.0,0.0,0.0004:0 0.0001:0 3e-05:0,67.6,0.0,67.6,
20261002-233526,2026-10-03T01:23:38,cf3e09b-dirty,k2-7j-s14,ga,2,7,14,200,200,150,none,1000,0.0004 0.0001 3e-05,14,1.929724,2.457226,1.638151,0.0004:2 0.0001:5 3e-05:0,49.6,41.3,90.9,
20261002-233526,2026-10-03T01:23:52,cf3e09b-dirty,k2-5j-s14,ga,2,5,14,200,200,150,none,1000,0.0004 0.0001 3e-05,22,4.07083,4.764689,3.176459,0.0004:1 0.0001:6 3e-05:4,51.0,75.9,126.9,
20261002-233526,2026-10-03T01:24:58,cf3e09b-dirty,k2-12j-s14,ga,2,12,14,200,200,150,none,1000,0.0004 0.0001 3e-05,0,0.0,0.0,0.0,0.0004:0 0.0001:0 3e-05:0,89.6,0.0,89.6,
20261002-233526,2026-10-03T01:25:28,cf3e09b-dirty,k3-7j-s14,ga,3,7,14,200,200,150,none,1000,0.0004 0.0001 3e-05,16,8.915875,10.553123,1.055312,0.0004:6 0.0001:0 3e-05:2,53.5,41.9,95.3,
20261002-233526,2026-10-03T01:26:48,cf3e09b-dirty,k3-10j-s14,ga,3,10,14,200,200,150,none,1000,0.0004 0.0001 3e-05,16,2.967103,6.417837,0.641784,0.0004:6 0.0001:1 3e-05:1,65.8,43.9,109.7,
20261002-233526,2026-10-03T01:27:35,cf3e09b-dirty,k3-12j-s14,ga,3,12,14,200,200,150,none,1000,0.0004 0.0001 3e-05,8,2.089923,4.05539,0.405539,0.0004:1 0.0001:1 3e-05:2,82.1,45.3,127.4,
20261002-233526,2026-10-03T01:28:03,cf3e09b-dirty,k3-5j-s14,ga,3,5,14,200,200,150,none,1000,0.0004 0.0001 3e-05,84,13.444902,13.461593,1.346159,0.0004:10 0.0001:7 3e-05:21,52.5,213.0,265.4,
20261002-233526,2026-10-03T01:28:57,cf3e09b-dirty,k1-5j-s15,ga,1,5,15,200,200,150,none,1000,0.0004 0.0001 3e-05,30,2.951776,3.319395,1.659698,0.0004:2 0.0001:13 3e-05:0,52.8,76.1,128.9,
20261002-233526,2026-10-03T01:29:07,cf3e09b-dirty,k1-10j-s15,ga,1,10,15,200,200,150,none,1000,0.0004 0.0001 3e-05,0,0.0,0.0,0.0,0.0004:0 0.0001:0 3e-05:0,63.6,0.0,63.6,
20261002-233526,2026-10-03T01:29:07,cf3e09b-dirty,k1-7j-s15,ga,1,7,15,200,200,150,none,1000,0.0004 0.0001 3e-05,8,0.925793,1.621382,0.810691,0.0004:3 0.0001:1 3e-05:0,51.4,40.8,92.2,
20261002-233526,2026-10-03T01:30:24,cf3e09b-dirty,k1-12j-s15,ga,1,12,15,200,200,150,none,1000,0.0004 0.0001 3e-05,0,0.0,0.0,0.0,0.0004:0 0.0001:0 3e-05:0,86.7,0.0,86.7,
20261002-233526,2026-10-03T01:31:03,cf3e09b-dirty,k2-5j-s15,ga,2,5,15,200,200,150,none,1000,0.0004 0.0001 3e-05,32,3.759162,3.856444,2.570963,0.0004:0 0.0001:4 3e-05:10,52.1,64.6,116.6,
20261002-233526,2026-10-03T01:31:16,cf3e09b-dirty,k2-7j-s15,ga,2,7,15,200,200,150,none,1000,0.0004 0.0001 3e-05,20,1.669676,2.734213,1.822809,0.0004:6 0.0001:4 3e-05:0,50.4,77.9,128.4,
20261002-233526,2026-10-03T01:31:28,cf3e09b-dirty,k2-10j-s15,ga,2,10,15,200,200,150,none,1000,0.0004 0.0001 3e-05,0,0.0,0.0,0.0,0.0004:0 0.0001:0 3e-05:0,64.7,0.0,64.7,
20261002-233526,2026-10-03T01:32:21,cf3e09b-dirty,k2-12j-s15,ga,2,12,15,200,200,150,none,1000,0.0004 0.0001 3e-05,0,0.0,0.0,0.0,0.0004:0 0.0001:0 3e-05:0,77.6,0.0,77.6,
20261002-233526,2026-10-03T01:33:39,cf3e09b-dirty,k3-7j-s15,ga,3,7,15,200,200,150,none,1000,0.0004 0.0001 3e-05,18,10.118565,13.43523,1.343523,0.0004:6 0.0001:2 3e-05:1,51.4,79.2,130.6,
20261002-233526,2026-10-03T01:33:56,cf3e09b-dirty,k3-5j-s15,ga,3,5,15,200,200,150,none,1000,0.0004 0.0001 3e-05,34,13.537506,13.813986,1.381399,0.0004:4 0.0001:7 3e-05:6,51.4,109.4,160.8,
20261002-233526,2026-10-03T01:34:16,cf3e09b-dirty,k3-10j-s15,ga,3,10,15,200,200,150,none,1000,0.0004 0.0001 3e-05,16,3.481963,4.946475,0.494647,0.0004:4 0.0001:2 3e-05:2,72.2,43.1,115.3,
20261002-233526,2026-10-03T01:35:44,cf3e09b-dirty,k3-12j-s15,ga,3,12,15,200,200,150,none,1000,0.0004 0.0001 3e-05,8,1.900118,3.092129,0.309213,0.0004:4 0.0001:0 3e-05:0,77.8,47.2,125.0,
20261002-233526,2026-10-03T01:36:02,cf3e09b-dirty,k1-5j-s16,ga,1,5,16,200,200,150,none,1000,0.0004 0.0001 3e-05,29,2.324781,2.485292,1.242646,0.0004:3 0.0001:11 3e-05:0,48.9,76.6,125.5,
20261002-233526,2026-10-03T01:36:19,cf3e09b-dirty,k1-7j-s16,ga,1,7,16,200,200,150,none,1000,0.0004 0.0001 3e-05,32,1.912493,2.442617,1.221309,0.0004:14 0.0001:2 3e-05:0,46.0,76.2,122.2,
20261002-233526,2026-10-03T01:36:48,cf3e09b-dirty,k1-10j-s16,ga,1,10,16,200,200,150,none,1000,0.0004 0.0001 3e-05,0,0.0,0.0,0.0,0.0004:0 0.0001:0 3e-05:0,64.1,0.0,64.1,
20261002-233526,2026-10-03T01:37:28,cf3e09b-dirty,k1-12j-s16,ga,1,12,16,200,200,150,none,1000,0.0004 0.0001 3e-05,0,0.0,0.0,0.0,0.0004:0 0.0001:0 3e-05:0,86.5,0.0,86.5,
20261002-233526,2026-10-03T01:38:24,cf3e09b-dirty,k2-5j-s16,ga,2,5,16,200,200,150,none,1000,0.0004 0.0001 3e-05,30,3.626543,4.828984,3.219322,0.0004:6 0.0001:4 3e-05:5,48.7,76.5,125.2,
20261002-233526,2026-10-03T01:38:37,cf3e09b-dirty,k2-10j-s16,ga,2,10,16,200,200,150,none,1000,0.0004 0.0001 3e-05,0,0.0,0.0,0.0,0.0004:0 0.0001:0 3e-05:0,68.6,0.0,68.6,
20261002-233526,2026-10-03T01:39:04,cf3e09b-dirty,k2-7j-s16,ga,2,7,16,200,200,150,none,1000,0.0004 0.0001 3e-05,26,1.674333,3.335257,2.223505,0.0004:9 0.0001:3 3e-05:1,57.4,78.1,135.5,
20261002-233526,2026-10-03T01:40:03,cf3e09b-dirty,k2-12j-s16,ga,2,12,16,200,200,150,none,1000,0.0004 0.0001 3e-05,0,0.0,0.0,0.0,0.0004:0 0.0001:0 3e-05:0,99.6,0.0,99.6,
20261002-233526,2026-10-03T01:40:38,cf3e09b-dirty,k3-7j-s16,ga,3,7,16,200,200,150,none,1000,0.0004 0.0001 3e-05,12,10.739305,13.132306,1.313231,0.0004:6 0.0001:0 3e-05:0,53.0,41.8,94.8,
20261002-233526,2026-10-03T01:41:18,cf3e09b-dirty,k3-5j-s16,ga,3,5,16,200,200,150,none,1000,0.0004 0.0001 3e-05,40,14.136019,14.60457,1.460457,0.0004:9 0.0001:8 3e-05:3,53.2,107.5,160.8,
20261002-233526,2026-10-03T01:42:24,cf3e09b-dirty,k3-10j-s16,ga,3,10,16,200,200,150,none,1000,0.0004 0.0001 3e-05,20,5.096321,8.611109,0.861111,0.0004:4 0.0001:5 3e-05:1,61.0,79.1,140.2,
20261002-233526,2026-10-03T01:43:06,cf3e09b-dirty,k3-12j-s16,ga,3,12,16,200,200,150,none,1000,0.0004 0.0001 3e-05,16,4.528851,5.638593,0.563859,0.0004:7 0.0001:1 3e-05:0,97.8,49.8,147.6,
20261002-233526,2026-10-03T01:43:54,cf3e09b-dirty,k1-5j-s17,ga,1,5,17,200,200,150,none,1000,0.0004 0.0001 3e-05,33,3.03232,3.464616,1.732308,0.0004:2 0.0001:13 3e-05:1,45.4,110.7,156.1,
20261002-233526,2026-10-03T01:44:15,cf3e09b-dirty,k1-10j-s17,ga,1,10,17,200,200,150,none,1000,0.0004 0.0001 3e-05,0,0.0,0.0,0.0,0.0004:0 0.0001:0 3e-05:0,69.2,0.0,69.2,
20261002-233526,2026-10-03T01:44:40,cf3e09b-dirty,k1-7j-s17,ga,1,7,17,200,200,150,none,1000,0.0004 0.0001 3e-05,20,1.060851,1.364012,0.682006,0.0004:9 0.0001:1 3e-05:0,57.1,79.7,136.8,
20261002-233526,2026-10-03T01:45:15,cf3e09b-dirty,k1-12j-s17,ga,1,12,17,200,200,150,none,1000,0.0004 0.0001 3e-05,0,0.0,0.0,0.0,0.0004:0 0.0001:0 3e-05:0,80.8,0.0,80.8,
20261002-233526,2026-10-03T01:46:17,cf3e09b-dirty,k2-5j-s17,ga,2,5,17,200,200,150,none,1000,0.0004 0.0001 3e-05,30,4.477108,4.96544,3.310293,0.0004:8 0.0001:6 3e-05:1,46.6,75.4,122.0,
20261002-233526,2026-10-03T01:46:29,cf3e09b-dirty,k2-10j-s17,ga,2,10,17,200,200,150,none,1000,0.0004 0.0001 3e-05,0,0.0,0.0,0.0,0.0004:0 0.0001:0 3e-05:0,74.2,0.0,74.2,
20261002-233526,2026-10-03T01:46:55,cf3e09b-dirty,k2-7j-s17,ga,2,7,17,200,200,150,none,1000,0.0004 0.0001 3e-05,32,1.88407,3.498214,2.332143,0.0004:3 0.0001:10 3e-05:3,57.1,77.6,134.8,
20261002-233526,2026-10-03T01:47:37,cf3e09b-dirty,k2-12j-s17,ga,2,12,17,200,200,150,none,1000,0.0004 0.0001 3e-05,0,0.0,0.0,0.0,0.0004:0 0.0001:0 3e-05:0,79.3,0.0,79.3,
20261002-233526,2026-10-03T01:48:13,cf3e09b-dirty,k3-5j-s17,ga,3,5,17,200,200,150,none,1000,0.0004 0.0001 3e-05,30,13.270545,13.431572,1.343157,0.0004:0 0.0001:2 3e-05:12,51.3,53.1,104.3,
20261002-233526,2026-10-03T01:49:06,cf3e09b-dirty,k3-7j-s17,ga,3,7,17,200,200,150,none,1000,0.0004 0.0001 3e-05,24,9.889287,11.665075,1.166508,0.0004:4 0.0001:2 3e-05:6,53.8,77.2,130.9,
20261002-233526,2026-10-03T01:49:26,cf3e09b-dirty,k3-10j-s17,ga,3,10,17,200,200,150,none,1000,0.0004 0.0001 3e-05,8,6.741122,11.576949,1.157695,0.0004:3 0.0001:1 3e-05:0,67.2,41.9,109.1,
20261002-233526,2026-10-03T01:50:05,cf3e09b-dirty,k3-12j-s17,ga,3,12,17,200,200,150,none,1000,0.0004 0.0001 3e-05,4,1.83852,3.957921,0.395792,0.0004:1 0.0001:0 3e-05:1,78.7,33.0,111.7,
20261002-233526,2026-10-03T01:51:01,cf3e09b-dirty,k1-7j-s18,ga,1,7,18,200,200,150,none,1000,0.0004 0.0001 3e-05,14,1.086918,1.391473,0.695736,0.0004:6 0.0001:1 3e-05:0,53.2,41.8,94.9,
20261002-233526,2026-10-03T01:51:13,cf3e09b-dirty,k1-10j-s18,ga,1,10,18,200,200,150,none,1000,0.0004 0.0001 3e-05,0,0.0,0.0,0.0,0.0004:0 0.0001:0 3e-05:0,68.0,0.0,68.1,
20261002-233526,2026-10-03T01:51:48,cf3e09b-dirty,k1-5j-s18,ga,1,5,18,200,200,150,none,1000,0.0004 0.0001 3e-05,34,2.630929,2.910236,1.455118,0.0004:12 0.0001:5 3e-05:0,53.2,108.7,161.8,
20261002-233526,2026-10-03T01:52:21,cf3e09b-dirty,k1-12j-s18,ga,1,12,18,200,200,150,none,1000,0.0004 0.0001 3e-05,0,0.0,0.0,0.0,0.0004:0 0.0001:0 3e-05:0,80.4,0.0,80.4,
20261002-233526,2026-10-03T01:53:31,cf3e09b-dirty,k2-10j-s18,ga,2,10,18,200,200,150,none,1000,0.0004 0.0001 3e-05,0,0.0,0.0,0.0,0.0004:0 0.0001:0 3e-05:0,70.1,0.0,70.1,
20261002-233526,2026-10-03T01:53:51,cf3e09b-dirty,k2-5j-s18,ga,2,5,18,200,200,150,none,1000,0.0004 0.0001 3e-05,38,4.421152,4.817603,3.211735,0.0004:15 0.0001:3 3e-05:1,49.0,109.0,158.1,
20261002-233526,2026-10-03T01:54:01,cf3e09b-dirty,k2-7j-s18,ga,2,7,18,200,200,150,none,1000,0.0004 0.0001 3e-05,22,1.678392,3.066766,2.04451,0.0004:6 0.0001:5 3e-05:0,54.1,79.1,133.1,
20261002-233526,2026-10-03T01:54:52,cf3e09b-dirty,k2-12j-s18,ga,2,12,18,200,200,150,none,1000,0.0004 0.0001 3e-05,0,0.0,0.0,0.0,0.0004:0 0.0001:0 3e-05:0,81.1,0.0,81.1,
20261002-233526,2026-10-03T01:56:20,cf3e09b-dirty,k3-7j-s18,ga,3,7,18,200,200,150,none,1000,0.0004 0.0001 3e-05,32,9.401419,11.5506,1.15506,0.0004:12 0.0001:4 3e-05:0,59.1,79.7,138.8,
20261002-233526,2026-10-03T01:56:29,cf3e09b-dirty,k3-5j-s18,ga,3,5,18,200,200,150,none,1000,0.0004 0.0001 3e-05,34,12.73201,12.996,1.2996,0.0004:6 0.0001:11 3e-05:0,49.6,108.8,158.3,
20261002-233526,2026-10-03T01:56:56,cf3e09b-dirty,k3-10j-s18,ga,3,10,18,200,200,150,none,1000,0.0004 0.0001 3e-05,16,6.515554,8.057122,0.805712,0.0004:3 0.0001:5 3e-05:0,81.7,42.4,124.1,
20261002-233526,2026-10-03T01:58:23,cf3e09b-dirty,k3-12j-s18,ga,3,12,18,200,200,150,none,1000,0.0004 0.0001 3e-05,8,2.472161,4.292665,0.429267,0.0004:1 0.0001:1 3e-05:2,78.4,44.9,123.4,
20261002-233526,2026-10-03T01:58:37,cf3e09b-dirty,k1-5j-s19,ga,1,5,19,200,200,150,none,1000,0.0004 0.0001 3e-05,32,2.056344,2.233948,1.116974,0.0004:6 0.0001:7 3e-05:3,50.8,76.7,127.5,
20261002-233526,2026-10-03T01:59:07,cf3e09b-dirty,k1-7j-s19,ga,1,7,19,200,200,150,none,1000,0.0004 0.0001 3e-05,26,2.276728,2.506402,1.253201,0.0004:12 0.0001:1 3e-05:0,54.2,76.8,130.9,
20261002-233526,2026-10-03T01:59:28,cf3e09b-dirty,k1-10j-s19,ga,1,10,19,200,200,150,none,1000,0.0004 0.0001 3e-05,0,0.0,0.0,0.0,0.0004:0 0.0001:0 3e-05:0,64.3,0.0,64.3,
20261002-233526,2026-10-03T01:59:58,cf3e09b-dirty,k1-12j-s19,ga,1,12,19,200,200,150,none,1000,0.0004 0.0001 3e-05,0,0.0,0.0,0.0,0.0004:0 0.0001:0 3e-05:0,81.3,0.0,81.3,
20261002-233526,2026-10-03T02:00:39,cf3e09b-dirty,k2-5j-s19,ga,2,5,19,200,200,150,none,1000,0.0004 0.0001 3e-05,10,3.215007,4.833191,3.222127,0.0004:3 0.0001:1 3e-05:1,51.8,39.7,91.5,
20261002-233526,2026-10-03T02:00:58,cf3e09b-dirty,k2-7j-s19,ga,2,7,19,200,200,150,none,1000,0.0004 0.0001 3e-05,14,1.164426,1.794352,1.196235,0.0004:3 0.0001:4 3e-05:0,49.8,40.1,90.0,
20261002-233526,2026-10-03T02:01:03,cf3e09b-dirty,k2-10j-s19,ga,2,10,19,200,200,150,none,1000,0.0004 0.0001 3e-05,2,0.006088,0.019478,0.012985,0.0004:0 0.0001:0 3e-05:1,64.0,0.7,64.7,
20261002-233526,2026-10-03T02:02:01,cf3e09b-dirty,k2-12j-s19,ga,2,12,19,200,200,150,none,1000,0.0004 0.0001 3e-05,0,0.0,0.0,0.0,0.0004:0 0.0001:0 3e-05:0,82.6,0.0,82.6,
20261002-233526,2026-10-03T02:03:06,cf3e09b-dirty,k3-5j-s19,ga,3,5,19,200,200,150,none,1000,0.0004 0.0001 3e-05,29,13.18524,14.691338,1.469134,0.0004:9 0.0001:4 3e-05:1,51.7,76.7,128.4,
20261002-233526,2026-10-03T02:03:15,cf3e09b-dirty,k3-7j-s19,ga,3,7,19,200,200,150,none,1000,0.0004 0.0001 3e-05,20,8.591869,10.116993,1.011699,0.0004:9 0.0001:0 3e-05:1,52.5,79.9,132.4,
20261002-233526,2026-10-03T02:03:47,cf3e09b-dirty,k3-10j-s19,ga,3,10,19,200,200,150,none,1000,0.0004 0.0001 3e-05,14,4.84275,6.910496,0.69105,0.0004:3 0.0001:2 3e-05:2,64.2,42.0,106.2,
20261002-233526,2026-10-03T02:05:08,cf3e09b-dirty,k3-12j-s19,ga,3,12,19,200,200,150,none,1000,0.0004 0.0001 3e-05,4,1.330345,2.897381,0.289738,0.0004:1 0.0001:0 3e-05:1,78.1,44.4,122.5,
20261002-233526,2026-10-03T02:05:23,cf3e09b-dirty,k1-7j-s20,ga,1,7,20,200,200,150,none,1000,0.0004 0.0001 3e-05,16,1.284941,1.428084,0.714042,0.0004:2 0.0001:6 3e-05:0,53.5,42.2,95.8,
20261002-233526,2026-10-03T02:05:55,cf3e09b-dirty,k1-5j-s20,ga,1,5,20,200,200,150,none,1000,0.0004 0.0001 3e-05,42,1.906272,2.056389,1.028194,0.0004:19 0.0001:1 3e-05:1,49.9,109.3,159.3,
20261002-233526,2026-10-03T02:06:14,cf3e09b-dirty,k1-10j-s20,ga,1,10,20,200,200,150,none,1000,0.0004 0.0001 3e-05,0,0.0,0.0,0.0,0.0004:0 0.0001:0 3e-05:0,65.1,0.0,65.1,
20261002-233526,2026-10-03T02:06:46,cf3e09b-dirty,k1-12j-s20,ga,1,12,20,200,200,150,none,1000,0.0004 0.0001 3e-05,0,0.0,0.0,0.0,0.0004:0 0.0001:0 3e-05:0,82.5,0.0,82.5,
20261002-233526,2026-10-03T02:08:01,cf3e09b-dirty,k2-10j-s20,ga,2,10,20,200,200,150,none,1000,0.0004 0.0001 3e-05,0,0.0,0.0,0.0,0.0004:0 0.0001:0 3e-05:0,74.9,0.0,74.9,
20261002-233526,2026-10-03T02:08:26,cf3e09b-dirty,k2-7j-s20,ga,2,7,20,200,200,150,none,1000,0.0004 0.0001 3e-05,22,1.107148,2.412177,1.608118,0.0004:7 0.0001:4 3e-05:0,53.4,79.2,132.6,
20261002-233526,2026-10-03T02:08:33,cf3e09b-dirty,k2-5j-s20,ga,2,5,20,200,200,150,none,1000,0.0004 0.0001 3e-05,44,4.468967,4.707841,3.138561,0.0004:16 0.0001:6 3e-05:0,48.4,109.7,158.1,
20261002-233526,2026-10-03T02:09:24,cf3e09b-dirty,k2-12j-s20,ga,2,12,20,200,200,150,none,1000,0.0004 0.0001 3e-05,0,0.0,0.0,0.0,0.0004:0 0.0001:0 3e-05:0,83.3,0.0,83.3,
20261002-233526,2026-10-03T02:10:46,cf3e09b-dirty,k3-7j-s20,ga,3,7,20,200,200,150,none,1000,0.0004 0.0001 3e-05,20,10.558595,10.90725,1.090725,0.0004:5 0.0001:3 3e-05:2,53.8,79.5,133.3,
20261002-233526,2026-10-03T02:11:13,cf3e09b-dirty,k3-10j-s20,ga,3,10,20,200,200,150,none,1000,0.0004 0.0001 3e-05,10,4.134146,7.696387,0.769639,0.0004:3 0.0001:0 3e-05:2,65.7,43.7,109.4,
20261002-233526,2026-10-03T02:11:47,cf3e09b-dirty,k3-5j-s20,ga,3,5,20,200,200,150,none,1000,0.0004 0.0001 3e-05,62,11.945187,13.194283,1.319428,0.0004:9 0.0001:12 3e-05:10,51.6,149.1,200.7,
20261002-233526,2026-10-03T02:12:53,cf3e09b-dirty,k3-12j-s20,ga,3,12,20,200,200,150,none,1000,0.0004 0.0001 3e-05,4,1.864421,4.457716,0.445772,0.0004:1 0.0001:1 3e-05:0,82.4,45.1,127.5,
20261002-233526,2026-10-03T02:13:49,cf3e09b-dirty,k1-5j-s21,ga,1,5,21,200,200,150,none,1000,0.0004 0.0001 3e-05,38,2.336471,2.921684,1.460842,0.0004:7 0.0001:12 3e-05:0,45.2,110.4,155.7,
20261002-233526,2026-10-03T02:14:00,cf3e09b-dirty,k1-7j-s21,ga,1,7,21,200,200,150,none,1000,0.0004 0.0001 3e-05,18,1.380506,2.039135,1.019568,0.0004:5 0.0001:4 3e-05:0,54.3,78.4,132.7,
20261002-233526,2026-10-03T02:14:06,cf3e09b-dirty,k1-10j-s21,ga,1,10,21,200,200,150,none,1000,0.0004 0.0001 3e-05,0,0.0,0.0,0.0,0.0004:0 0.0001:0 3e-05:0,72.9,0.0,72.9,
20261002-233526,2026-10-03T02:15:16,cf3e09b-dirty,k1-12j-s21,ga,1,12,21,200,200,150,none,1000,0.0004 0.0001 3e-05,0,0.0,0.0,0.0,0.0004:0 0.0001:0 3e-05:0,87.0,0.0,87.0,
20261002-233526,2026-10-03T02:15:41,cf3e09b-dirty,k2-7j-s21,ga,2,7,21,200,200,150,none,1000,0.0004 0.0001 3e-05,14,0.724705,2.226904,1.484603,0.0004:4 0.0001:3 3e-05:0,53.4,41.7,95.1,
20261002-233526,2026-10-03T02:16:38,cf3e09b-dirty,k2-5j-s21,ga,2,5,21,200,200,150,none,1000,0.0004 0.0001 3e-05,40,4.958036,5.254583,3.503055,0.0004:1 0.0001:15 3e-05:4,49.4,108.7,158.0,
20261002-233526,2026-10-03T02:17:04,cf3e09b-dirty,k2-10j-s21,ga,2,10,21,200,200,150,none,1000,0.0004 0.0001 3e-05,2,0.073332,0.279745,0.186496,0.0004:1 0.0001:0 3e-05:0,65.9,42.1,108.0,
20261002-233526,2026-10-03T02:17:08,cf3e09b-dirty,k2-12j-s21,ga,2,12,21,200,200,150,none,1000,0.0004 0.0001 3e-05,0,0.0,0.0,0.0,0.0004:0 0.0001:0 3e-05:0,86.9,0.0,86.9,
20261002-233526,2026-10-03T02:18:36,cf3e09b-dirty,k3-7j-s21,ga,3,7,21,200,200,150,none,1000,0.0004 0.0001 3e-05,8,10.788333,11.996609,1.199661,0.0004:2 0.0001:2 3e-05:0,49.6,42.3,91.9,
20261002-233526,2026-10-03T02:18:54,cf3e09b-dirty,k3-10j-s21,ga,3,10,21,200,200,150,none,1000,0.0004 0.0001 3e-05,12,5.459154,8.629309,0.862931,0.0004:5 0.0001:0 3e-05:1,62.1,43.9,106.1,
20261002-233526,2026-10-03T02:20:49,cf3e09b-dirty,k3-12j-s21,ga,3,12,21,200,200,150,none,1000,0.0004 0.0001 3e-05,12,2.184211,3.601103,0.36011,0.0004:2 0.0001:2 3e-05:2,87.9,45.8,133.7,
20261002-233526,2026-10-03T02:21:01,cf3e09b-dirty,k1-5j-s22,ga,1,5,22,200,200,150,none,1000,0.0004 0.0001 3e-05,28,2.010547,2.296375,1.148187,0.0004:13 0.0001:1 3e-05:0,47.9,78.4,126.4,
20261002-233526,2026-10-03T02:21:37,cf3e09b-dirty,k3-5j-s21,ga,3,5,21,200,200,150,none,1000,0.0004 0.0001 3e-05,96,13.16268,14.900822,1.490082,0.0004:23 0.0001:5 3e-05:17,46.7,253.1,299.8,
20261002-233526,2026-10-03T02:22:22,cf3e09b-dirty,k1-7j-s22,ga,1,7,22,200,200,150,none,1000,0.0004 0.0001 3e-05,9,0.615783,1.245975,0.622987,0.0004:4 0.0001:0 3e-05:0,52.4,39.9,92.4,
20261002-233526,2026-10-03T02:22:51,cf3e09b-dirty,k1-10j-s22,ga,1,10,22,200,200,150,none,1000,0.0004 0.0001 3e-05,10,0.363851,0.924762,0.462381,0.0004:4 0.0001:1 3e-05:0,69.0,41.3,110.3,
20261002-233526,2026-10-03T02:23:02,cf3e09b-dirty,k1-12j-s22,ga,1,12,22,200,200,150,none,1000,0.0004 0.0001 3e-05,0,0.0,0.0,0.0,0.0004:0 0.0001:0 3e-05:0,84.9,0.0,84.9,
20261002-233526,2026-10-03T02:24:07,cf3e09b-dirty,k2-10j-s22,ga,2,10,22,200,200,150,none,1000,0.0004 0.0001 3e-05,0,0.0,0.0,0.0,0.0004:0 0.0001:0 3e-05:0,64.8,0.0,64.8,
20261002-233526,2026-10-03T02:24:24,cf3e09b-dirty,k2-7j-s22,ga,2,7,22,200,200,150,none,1000,0.0004 0.0001 3e-05,6,2.47397,3.563473,2.375649,0.0004:2 0.0001:1 3e-05:0,51.3,41.5,92.8,
20261002-233526,2026-10-03T02:24:28,cf3e09b-dirty,k2-5j-s22,ga,2,5,22,200,200,150,none,1000,0.0004 0.0001 3e-05,24,3.209962,4.129028,2.752685,0.0004:2 0.0001:8 3e-05:2,51.1,75.2,126.3,
20261002-233526,2026-10-03T02:25:24,cf3e09b-dirty,k2-12j-s22,ga,2,12,22,200,200,150,none,1000,0.0004 0.0001 3e-05,0,0.0,0.0,0.0,0.0004:0 0.0001:0 3e-05:0,77.0,0.0,77.0,
20261002-233526,2026-10-03T02:26:32,cf3e09b-dirty,k3-5j-s22,ga,3,5,22,200,200,150,none,1000,0.0004 0.0001 3e-05,28,14.420676,14.974919,1.497492,0.0004:8 0.0001:1 3e-05:5,51.3,76.6,127.9,
20261002-233526,2026-10-03T02:27:14,cf3e09b-dirty,k3-7j-s22,ga,3,7,22,200,200,150,none,1000,0.0004 0.0001 3e-05,34,10.023411,11.077337,1.107734,0.0004:9 0.0001:6 3e-05:2,51.9,113.8,165.7,
20261002-233526,2026-10-03T02:27:15,cf3e09b-dirty,k3-10j-s22,ga,3,10,22,200,200,150,none,1000,0.0004 0.0001 3e-05,10,3.042204,4.947496,0.49475,0.0004:5 0.0001:0 3e-05:0,67.4,43.2,110.6,
20261002-233526,2026-10-03T02:28:08,cf3e09b-dirty,k3-12j-s22,ga,3,12,22,200,200,150,none,1000,0.0004 0.0001 3e-05,6,2.649563,5.126791,0.512679,0.0004:0 0.0001:0 3e-05:3,78.2,17.9,96.1,
20261002-233526,2026-10-03T02:28:48,cf3e09b-dirty,k1-7j-s23,ga,1,7,23,200,200,150,none,1000,0.0004 0.0001 3e-05,10,0.647693,1.273359,0.636679,0.0004:4 0.0001:1 3e-05:0,50.6,42.6,93.1,
20261002-233526,2026-10-03T02:29:17,cf3e09b-dirty,k1-10j-s23,ga,1,10,23,200,200,150,none,1000,0.0004 0.0001 3e-05,0,0.0,0.0,0.0,0.0004:0 0.0001:0 3e-05:0,69.0,0.0,69.0,
20261002-233526,2026-10-03T02:29:56,cf3e09b-dirty,k1-5j-s23,ga,1,5,23,200,200,150,none,1000,0.0004 0.0001 3e-05,40,2.02815,2.164238,1.082119,0.0004:8 0.0001:11 3e-05:1,51.9,110.1,162.0,
20261002-233526,2026-10-03T02:30:09,cf3e09b-dirty,k1-12j-s23,ga,1,12,23,200,200,150,none,1000,0.0004 0.0001 3e-05,0,0.0,0.0,0.0,0.0004:0 0.0001:0 3e-05:0,81.1,0.0,81.1,
20261002-233526,2026-10-03T02:31:16,cf3e09b-dirty,k2-10j-s23,ga,2,10,23,200,200,150,none,1000,0.0004 0.0001 3e-05,0,0.0,0.0,0.0,0.0004:0 0.0001:0 3e-05:0,67.4,0.0,67.4,
20261002-233526,2026-10-03T02:31:24,cf3e09b-dirty,k2-5j-s23,ga,2,5,23,200,200,150,none,1000,0.0004 0.0001 3e-05,18,3.631471,4.872018,3.248012,0.0004:2 0.0001:2 3e-05:5,50.6,76.0,126.6,
20261002-233526,2026-10-03T02:32:05,cf3e09b-dirty,k2-7j-s23,ga,2,7,23,200,200,150,none,1000,0.0004 0.0001 3e-05,24,1.658838,2.697644,1.798429,0.0004:3 0.0001:5 3e-05:4,51.4,78.0,129.3,
20261002-233526,2026-10-03T02:32:38,cf3e09b-dirty,k2-12j-s23,ga,2,12,23,200,200,150,none,1000,0.0004 0.0001 3e-05,0,0.0,0.0,0.0,0.0004:0 0.0001:0 3e-05:0,81.1,0.0,81.1,
20261002-233526,2026-10-03T02:34:25,cf3e09b-dirty,k3-7j-s23,ga,3,7,23,200,200,150,none,1000,0.0004 0.0001 3e-05,24,12.873296,13.414017,1.341402,0.0004:6 0.0001:5 3e-05:1,59.1,80.2,139.3,
20261002-233526,2026-10-03T02:34:30,cf3e09b-dirty,k3-10j-s23,ga,3,10,23,200,200,150,none,1000,0.0004 0.0001 3e-05,14,4.863829,8.428014,0.842801,0.0004:2 0.0001:4 3e-05:1,66.6,45.5,112.2,
20261002-233526,2026-10-03T02:34:40,cf3e09b-dirty,k3-5j-s23,ga,3,5,23,200,200,150,none,1000,0.0004 0.0001 3e-05,64,13.269983,13.673336,1.367334,0.0004:16 0.0001:7 3e-05:9,51.2,145.2,196.4,
20261002-233526,2026-10-03T02:36:32,cf3e09b-dirty,k3-12j-s23,ga,3,12,23,200,200,150,none,1000,0.0004 0.0001 3e-05,4,1.24837,2.868491,0.286849,0.0004:1 0.0001:0 3e-05:1,81.8,45.5,127.3,
20261002-233526,2026-10-03T02:36:55,cf3e09b-dirty,k1-7j-s24,ga,1,7,24,200,200,150,none,1000,0.0004 0.0001 3e-05,26,1.345487,1.894438,0.947219,0.0004:8 0.0001:5 3e-05:0,54.8,80.5,135.3,
20261002-233526,2026-10-03T02:37:37,cf3e09b-dirty,k1-10j-s24,ga,1,10,24,200,200,150,none,1000,0.0004 0.0001 3e-05,0,0.0,0.0,0.0,0.0004:0 0.0001:0 3e-05:0,65.1,0.0,65.1,
20261002-233526,2026-10-03T02:37:45,cf3e09b-dirty,k1-5j-s24,ga,1,5,24,200,200,150,none,1000,0.0004 0.0001 3e-05,56,3.061537,3.418078,1.709039,0.0004:14 0.0001:14 3e-05:0,50.3,144.7,195.0,
20261002-233526,2026-10-03T02:38:21,cf3e09b-dirty,k1-12j-s24,ga,1,12,24,200,200,150,none,1000,0.0004 0.0001 3e-05,0,0.0,0.0,0.0,0.0004:0 0.0001:0 3e-05:0,85.2,0.0,85.2,
20261002-233526,2026-10-03T02:38:42,cf3e09b-dirty,k2-5j-s24,ga,2,5,24,200,200,150,none,1000,0.0004 0.0001 3e-05,12,3.804884,4.411138,2.940758,0.0004:0 0.0001:2 3e-05:4,50.7,14.3,65.1,
20261002-233526,2026-10-03T02:39:37,cf3e09b-dirty,k2-7j-s24,ga,2,7,24,200,200,150,none,1000,0.0004 0.0001 3e-05,26,2.339319,3.374822,2.249881,0.0004:2 0.0001:5 3e-05:6,53.0,59.6,112.6,
20261002-233526,2026-10-03T02:39:54,cf3e09b-dirty,k2-10j-s24,ga,2,10,24,200,200,150,none,1000,0.0004 0.0001 3e-05,2,0.21742,0.482231,0.321487,0.0004:0 0.0001:1 3e-05:0,63.2,30.4,93.6,
20261002-233526,2026-10-03T02:40:08,cf3e09b-dirty,k2-12j-s24,ga,2,12,24,200,200,150,none,1000,0.0004 0.0001 3e-05,0,0.0,0.0,0.0,0.0004:0 0.0001:0 3e-05:0,86.1,0.0,86.1,
20261002-233526,2026-10-03T02:41:42,cf3e09b-dirty,k3-5j-s24,ga,3,5,24,200,200,150,none,1000,0.0004 0.0001 3e-05,27,12.907676,13.477337,1.347734,0.0004:1 0.0001:1 3e-05:11,51.0,73.7,124.8,
20261002-233526,2026-10-03T02:41:57,cf3e09b-dirty,k3-10j-s24,ga,3,10,24,200,200,150,none,1000,0.0004 0.0001 3e-05,8,4.389304,7.295005,0.7295,0.0004:4 0.0001:0 3e-05:0,64.8,43.7,108.5,
20261002-233526,2026-10-03T02:42:09,cf3e09b-dirty,k3-7j-s24,ga,3,7,24,200,200,150,none,1000,0.0004 0.0001 3e-05,20,9.80819,11.848431,1.184843,0.0004:10 0.0001:0 3e-05:0,56.1,78.8,134.8,
20261002-233526,2026-10-03T02:43:19,cf3e09b-dirty,k1-refine-best,refine_best,1,,,,,,,1000,0.0004 0.0001 3e-05,9,0.759135,1.064693,0.532346,0.0004:0 0.0001:3 3e-05:6,0.0,82.6,82.6,
20261002-233526,2026-10-03T02:43:24,cf3e09b-dirty,k2-refine-best,refine_best,2,,,,,,,1000,0.0004 0.0001 3e-05,18,1.751135,2.635655,1.757103,0.0004:7 0.0001:5 3e-05:6,0.0,75.3,75.3,
20261002-233526,2026-10-03T02:44:07,cf3e09b-dirty,k3-12j-s24,ga,3,12,24,200,200,150,none,1000,0.0004 0.0001 3e-05,12,6.96317,7.752546,0.775255,0.0004:2 0.0001:4 3e-05:0,102.9,41.7,144.6,
20261002-233526,2026-10-03T02:45:46,cf3e09b-dirty,k3-refine-best,refine_best,3,,,,,,,1000,0.0004 0.0001 3e-05,25,9.722508,10.066848,1.006685,0.0004:2 0.0001:15 3e-05:8,0.0,147.0,147.0,
20261003-101707,2026-10-03T10:19:34,4eb9139,k1-7j-s25,ga,1,7,25,200,200,150,none,1000,0.0004 0.0001 3e-05,22,1.107306,1.50505,0.752525,0.0004:9 0.0001:2 3e-05:0,57.6,88.5,146.1,
20261003-101707,2026-10-03T10:20:04,4eb9139,k1-5j-s25,ga,1,5,25,200,200,150,none,1000,0.0004 0.0001 3e-05,44,2.844943,3.228885,1.614442,0.0004:13 0.0001:9 3e-05:0,53.7,123.2,176.8,
20261003-101707,2026-10-03T10:20:12,4eb9139,k1-6j-s25,ga,1,6,25,200,200,150,none,1000,0.0004 0.0001 3e-05,38,2.139089,2.256152,1.128076,0.0004:17 0.0001:2 3e-05:0,58.5,125.6,184.1,
20261003-101707,2026-10-03T10:21:26,4eb9139,k1-8j-s25,ga,1,8,25,200,200,150,none,1000,0.0004 0.0001 3e-05,9,0.526349,1.265954,0.632977,0.0004:4 0.0001:0 3e-05:0,63.2,49.3,112.5,
20261003-101707,2026-10-03T10:21:47,4eb9139,k2-5j-s25,ga,2,5,25,200,200,150,none,1000,0.0004 0.0001 3e-05,14,3.694144,4.385661,2.923774,0.0004:1 0.0001:3 3e-05:3,55.0,48.0,103.0,
20261003-101707,2026-10-03T10:21:49,4eb9139,k2-6j-s25,ga,2,6,25,200,200,150,none,1000,0.0004 0.0001 3e-05,10,2.24272,3.885311,2.590207,0.0004:2 0.0001:2 3e-05:1,48.9,48.4,97.3,
20261003-101707,2026-10-03T10:23:08,4eb9139,k2-7j-s25,ga,2,7,25,200,200,150,none,1000,0.0004 0.0001 3e-05,14,1.391691,1.940723,1.293816,0.0004:5 0.0001:0 3e-05:2,54.0,47.8,101.8,
20261003-101707,2026-10-03T10:23:36,4eb9139,k2-8j-s25,ga,2,8,25,200,200,150,none,1000,0.0004 0.0001 3e-05,12,0.988347,1.66384,1.109227,0.0004:5 0.0001:1 3e-05:0,61.4,46.9,108.3,
20261003-101707,2026-10-03T10:24:42,4eb9139,k3-5j-s25,ga,3,5,25,200,200,150,none,1000,0.0004 0.0001 3e-05,34,12.953721,15.047043,1.504704,0.0004:12 0.0001:2 3e-05:3,55.1,117.8,172.9,
20261003-101707,2026-10-03T10:25:19,4eb9139,k3-7j-s25,ga,3,7,25,200,200,150,none,1000,0.0004 0.0001 3e-05,16,9.739015,10.347471,1.034747,0.0004:6 0.0001:1 3e-05:1,54.2,49.4,103.6,
20261003-101707,2026-10-03T10:25:22,4eb9139,k3-6j-s25,ga,3,6,25,200,200,150,none,1000,0.0004 0.0001 3e-05,22,12.295138,13.427767,1.342777,0.0004:6 0.0001:1 3e-05:4,49.3,84.2,133.5,
20261003-101707,2026-10-03T10:26:34,4eb9139,k3-8j-s25,ga,3,8,25,200,200,150,none,1000,0.0004 0.0001 3e-05,16,8.050587,10.810339,1.081034,0.0004:5 0.0001:2 3e-05:1,61.3,51.0,112.3,
20261003-101707,2026-10-03T10:27:05,4eb9139,k1-6j-s26,ga,1,6,26,200,200,150,none,1000,0.0004 0.0001 3e-05,12,1.249779,1.414875,0.707437,0.0004:3 0.0001:2 3e-05:1,54.3,49.2,103.5,
20261003-101707,2026-10-03T10:28:22,4eb9139,k1-5j-s26,ga,1,5,26,200,200,150,none,1000,0.0004 0.0001 3e-05,44,3.364786,3.57973,1.789865,0.0004:2 0.0001:19 3e-05:1,58.4,124.7,183.1,
20261003-101707,2026-10-03T10:29:05,4eb9139,k1-7j-s26,ga,1,7,26,200,200,150,none,1000,0.0004 0.0001 3e-05,18,0.847955,1.391446,0.695723,0.0004:7 0.0001:2 3e-05:0,59.7,91.3,151.0,
20261003-101707,2026-10-03T10:29:36,4eb9139,k2-5j-s26,ga,2,5,26,200,200,150,none,1000,0.0004 0.0001 3e-05,11,3.769393,3.984364,2.656242,0.0004:1 0.0001:0 3e-05:4,54.0,19.3,73.3,
20261003-101707,2026-10-03T10:29:38,4eb9139,k1-8j-s26,ga,1,8,26,200,200,150,none,1000,0.0004 0.0001 3e-05,18,0.410059,0.911098,0.455549,0.0004:0 0.0001:2 3e-05:7,68.7,84.7,153.4,
20261003-101707,2026-10-03T10:30:36,4eb9139,k2-6j-s26,ga,2,6,26,200,200,150,none,1000,0.0004 0.0001 3e-05,16,3.45867,4.125604,2.750402,0.0004:2 0.0001:5 3e-05:1,49.9,40.9,90.8,
20261003-101707,2026-10-03T10:31:17,4eb9139,k2-8j-s26,ga,2,8,26,200,200,150,none,1000,0.0004 0.0001 3e-05,4,0.670543,1.711047,1.140698,0.0004:2 0.0001:0 3e-05:0,56.0,42.7,98.6,
20261003-101707,2026-10-03T10:31:54,4eb9139,k2-7j-s26,ga,2,7,26,200,200,150,none,1000,0.0004 0.0001 3e-05,24,2.107237,2.873015,1.915344,0.0004:6 0.0001:4 3e-05:2,53.8,83.9,137.7,
20261003-101707,2026-10-03T10:32:42,4eb9139,k3-6j-s26,ga,3,6,26,200,200,150,none,1000,0.0004 0.0001 3e-05,16,13.073286,14.606348,1.460635,0.0004:2 0.0001:4 3e-05:2,51.7,33.1,84.9,
20261003-101707,2026-10-03T10:32:48,4eb9139,k3-5j-s26,ga,3,5,26,200,200,150,none,1000,0.0004 0.0001 3e-05,20,12.658443,14.937587,1.493759,0.0004:3 0.0001:5 3e-05:2,54.7,77.3,132.0,
20261003-101707,2026-10-03T10:33:28,4eb9139,k3-7j-s26,ga,3,7,26,200,200,150,none,1000,0.0004 0.0001 3e-05,8,11.419074,12.991001,1.2991,0.0004:3 0.0001:1 3e-05:0,54.2,40.5,94.7,
20261003-101707,2026-10-03T10:35:20,4eb9139,k3-8j-s26,ga,3,8,26,200,200,150,none,1000,0.0004 0.0001 3e-05,22,7.801848,8.637436,0.863744,0.0004:9 0.0001:1 3e-05:1,59.2,98.7,157.9,
20261003-101707,2026-10-03T10:36:03,4eb9139,k1-5j-s27,ga,1,5,27,200,200,150,none,1000,0.0004 0.0001 3e-05,40,2.089446,2.278544,1.139272,0.0004:15 0.0001:4 3e-05:1,51.4,143.4,194.8,
20261003-101707,2026-10-03T10:36:20,4eb9139,k1-6j-s27,ga,1,6,27,200,200,150,none,1000,0.0004 0.0001 3e-05,22,1.451371,1.571675,0.785837,0.0004:10 0.0001:1 3e-05:0,56.8,114.7,171.5,
20261003-101707,2026-10-03T10:37:32,4eb9139,k1-7j-s27,ga,1,7,27,200,200,150,none,1000,0.0004 0.0001 3e-05,4,1.063378,1.136302,0.568151,0.0004:2 0.0001:0 3e-05:0,74.6,57.5,132.1,
20261003-101707,2026-10-03T10:38:11,4eb9139,k1-8j-s27,ga,1,8,27,200,200,150,none,1000,0.0004 0.0001 3e-05,6,0.468484,0.572526,0.286263,0.0004:3 0.0001:0 3e-05:0,70.6,58.0,128.7,
20261003-101707,2026-10-03T10:39:03,4eb9139,k2-5j-s27,ga,2,5,27,200,200,150,none,1000,0.0004 0.0001 3e-05,28,3.992969,4.453517,2.969011,0.0004:7 0.0001:3 3e-05:4,62.1,101.0,163.0,
20261003-101707,2026-10-03T10:39:25,4eb9139,k2-6j-s27,ga,2,6,27,200,200,150,none,1000,0.0004 0.0001 3e-05,14,2.590755,3.65081,2.433873,0.0004:2 0.0001:4 3e-05:1,56.2,56.3,112.5,
20261003-101707,2026-10-03T10:40:18,4eb9139,k2-7j-s27,ga,2,7,27,200,200,150,none,1000,0.0004 0.0001 3e-05,10,1.535017,2.126734,1.417822,0.0004:2 0.0001:2 3e-05:1,68.8,58.2,127.0,
20261003-101707,2026-10-03T10:41:10,4eb9139,k2-8j-s27,ga,2,8,27,200,200,150,none,1000,0.0004 0.0001 3e-05,13,0.21071,0.597289,0.398193,0.0004:4 0.0001:1 3e-05:1,68.1,58.6,126.7,
20261003-101707,2026-10-03T10:42:39,4eb9139,k3-6j-s27,ga,3,6,27,200,200,150,none,1000,0.0004 0.0001 3e-05,26,12.594222,13.296914,1.329691,0.0004:1 0.0001:3 3e-05:8,68.8,71.9,140.7,
20261003-101707,2026-10-03T10:43:13,4eb9139,k3-7j-s27,ga,3,7,27,200,200,150,none,1000,0.0004 0.0001 3e-05,14,10.873803,12.978097,1.29781,0.0004:5 0.0001:1 3e-05:1,63.8,59.9,123.7,
20261003-101707,2026-10-03T10:44:25,4eb9139,k3-5j-s27,ga,3,5,27,200,200,150,none,1000,0.0004 0.0001 3e-05,74,14.076264,15.114598,1.51146,0.0004:24 0.0001:4 3e-05:9,66.4,234.4,300.8,
20261003-101707,2026-10-03T10:44:46,4eb9139,k3-8j-s27,ga,3,8,27,200,200,150,none,1000,0.0004 0.0001 3e-05,12,9.538454,11.305277,1.130528,0.0004:4 0.0001:0 3e-05:2,67.0,59.5,126.5,
20261003-101707,2026-10-03T10:46:37,4eb9139,k1-5j-s28,ga,1,5,28,200,200,150,none,1000,0.0004 0.0001 3e-05,44,2.505428,2.574514,1.287257,0.0004:2 0.0001:20 3e-05:0,59.6,143.8,203.4,
20261003-101707,2026-10-03T10:46:49,4eb9139,k1-7j-s28,ga,1,7,28,200,200,150,none,1000,0.0004 0.0001 3e-05,4,1.99108,2.305134,1.152567,0.0004:1 0.0001:1 3e-05:0,63.8,59.9,123.7,
20261003-101707,2026-10-03T10:47:08,4eb9139,k1-6j-s28,ga,1,6,28,200,200,150,none,1000,0.0004 0.0001 3e-05,22,1.278061,1.467922,0.733961,0.0004:10 0.0001:1 3e-05:0,57.3,105.2,162.5,
20261003-101707,2026-10-03T10:49:34,4eb9139,k2-5j-s28,ga,2,5,28,200,200,150,none,1000,0.0004 0.0001 3e-05,30,4.504672,5.269117,3.512745,0.0004:5 0.0001:3 3e-05:7,59.3,105.5,164.8,
20261003-101707,2026-10-03T10:49:41,4eb9139,k1-8j-s28,ga,1,8,28,200,200,150,none,1000,0.0004 0.0001 3e-05,20,1.020717,1.728116,0.864058,0.0004:7 0.0001:1 3e-05:2,74.6,109.5,184.2,
20261003-101707,2026-10-03T10:49:56,4eb9139,k2-6j-s28,ga,2,6,28,200,200,150,none,1000,0.0004 0.0001 3e-05,24,2.640518,3.608586,2.405724,0.0004:7 0.0001:4 3e-05:1,61.8,106.0,167.8,
20261003-101707,2026-10-03T10:51:50,4eb9139,k2-8j-s28,ga,2,8,28,200,200,150,none,1000,0.0004 0.0001 3e-05,8,1.175062,1.520664,1.013776,0.0004:1 0.0001:2 3e-05:1,79.1,50.4,129.5,
20261003-101707,2026-10-03T10:52:28,4eb9139,k2-7j-s28,ga,2,7,28,200,200,150,none,1000,0.0004 0.0001 3e-05,18,1.371234,2.709644,1.806429,0.0004:3 0.0001:3 3e-05:3,64.7,109.3,174.0,
20261003-101707,2026-10-03T10:52:40,4eb9139,k3-5j-s28,ga,3,5,28,200,200,150,none,1000,0.0004 0.0001 3e-05,26,14.197243,14.797556,1.479756,0.0004:9 0.0001:2 3e-05:2,58.2,106.0,164.2,
20261003-101707,2026-10-03T10:54:28,4eb9139,k3-7j-s28,ga,3,7,28,200,200,150,none,1000,0.0004 0.0001 3e-05,14,9.321271,11.650313,1.165031,0.0004:6 0.0001:1 3e-05:0,58.8,61.5,120.3,
20261003-101707,2026-10-03T10:55:29,4eb9139,k3-6j-s28,ga,3,6,28,200,200,150,none,1000,0.0004 0.0001 3e-05,36,10.585528,11.278397,1.12784,0.0004:17 0.0001:1 3e-05:0,66.7,151.9,218.5,
20261003-101707,2026-10-03T10:55:41,4eb9139,k3-8j-s28,ga,3,8,28,200,200,150,none,1000,0.0004 0.0001 3e-05,22,7.760147,9.82055,0.982055,0.0004:10 0.0001:0 3e-05:1,69.1,111.6,180.7,
20261003-101707,2026-10-03T10:58:08,4eb9139,k1-5j-s29,ga,1,5,29,200,200,150,none,1000,0.0004 0.0001 3e-05,46,3.041935,3.181763,1.590881,0.0004:12 0.0001:9 3e-05:2,64.7,154.6,219.3,
20261003-101707,2026-10-03T10:58:22,4eb9139,k1-6j-s29,ga,1,6,29,200,200,150,none,1000,0.0004 0.0001 3e-05,30,1.469628,1.683028,0.841514,0.0004:9 0.0001:3 3e-05:3,62.0,111.7,173.6,
20261003-101707,2026-10-03T10:58:37,4eb9139,k1-7j-s29,ga,1,7,29,200,200,150,none,1000,0.0004 0.0001 3e-05,18,1.311215,1.567878,0.783939,0.0004:7 0.0001:1 3e-05:1,63.2,113.1,176.3,
20261003-101707,2026-10-03T11:00:25,4eb9139,k1-8j-s29,ga,1,8,29,200,200,150,none,1000,0.0004 0.0001 3e-05,10,0.744398,0.86465,0.432325,0.0004:5 0.0001:0 3e-05:0,71.1,65.8,136.9,
20261003-101707,2026-10-03T11:01:31,4eb9139,k2-6j-s29,ga,2,6,29,200,200,150,none,1000,0.0004 0.0001 3e-05,22,3.068013,4.072694,2.715129,0.0004:6 0.0001:5 3e-05:0,63.9,110.4,174.3,
20261003-101707,2026-10-03T11:02:02,4eb9139,k2-5j-s29,ga,2,5,29,200,200,150,none,1000,0.0004 0.0001 3e-05,44,4.365024,4.952367,3.301578,0.0004:5 0.0001:9 3e-05:8,62.9,156.9,219.8,
20261003-101707,2026-10-03T11:02:40,4eb9139,k2-7j-s29,ga,2,7,29,200,200,150,none,1000,0.0004 0.0001 3e-05,16,1.279305,1.996206,1.330804,0.0004:2 0.0001:5 3e-05:1,68.2,67.6,135.8,
20261003-101707,2026-10-03T11:08:20,4eb9139,k2-8j-s29,ga,2,8,29,200,200,150,none,1000,0.0004 0.0001 3e-05,20,1.114442,2.222239,1.481493,0.0004:4 0.0001:4 3e-05:2,82.3,326.1,408.4,
20261003-101707,2026-10-03T11:09:27,4eb9139,k3-6j-s29,ga,3,6,29,200,200,150,none,1000,0.0004 0.0001 3e-05,28,11.057057,12.512433,1.251243,0.0004:10 0.0001:1 3e-05:3,72.0,334.5,406.6,
20261003-101707,2026-10-03T11:23:36,4eb9139,k3-5j-s29,ga,3,5,29,200,200,150,none,1000,0.0004 0.0001 3e-05,59,13.512631,14.951574,1.495157,0.0004:11 0.0001:11 3e-05:7,78.0,1216.1,1294.2,
20261003-101707,2026-10-03T11:24:23,4eb9139,k3-7j-s29,ga,3,7,29,200,200,150,none,1000,0.0004 0.0001 3e-05,26,10.581727,13.380004,1.338,0.0004:5 0.0001:4 3e-05:4,72.9,890.2,963.1,
20261003-101707,2026-10-03T11:39:38,4eb9139,k3-8j-s29,ga,3,8,29,200,200,150,none,1000,0.0004 0.0001 3e-05,32,10.047537,10.891241,1.089124,0.0004:14 0.0001:2 3e-05:0,883.4,927.2,1810.6,
20261003-101707,2026-10-03T11:44:17,4eb9139,k1-5j-s30,ga,1,5,30,200,200,150,none,1000,0.0004 0.0001 3e-05,32,2.930735,3.588422,1.794211,0.0004:11 0.0001:5 3e-05:0,364.0,876.7,1240.8,
20261003-101707,2026-10-03T11:44:32,4eb9139,k1-6j-s30,ga,1,6,30,200,200,150,none,1000,0.0004 0.0001 3e-05,12,2.131086,3.056763,1.528381,0.0004:2 0.0001:4 3e-05:0,897.4,312.1,1209.5,
20261003-101707,2026-10-03T12:02:28,4eb9139,k1-8j-s30,ga,1,8,30,200,200,150,none,1000,0.0004 0.0001 3e-05,7,0.481536,0.838167,0.419083,0.0004:2 0.0001:0 3e-05:1,685.7,405.2,1090.9,
20261003-101707,2026-10-03T12:02:50,4eb9139,k1-7j-s30,ga,1,7,30,200,200,150,none,1000,0.0004 0.0001 3e-05,22,1.418469,2.086742,1.043371,0.0004:8 0.0001:2 3e-05:1,487.4,904.5,1391.9,
20261003-101707,2026-10-03T12:03:45,4eb9139,k2-5j-s30,ga,2,5,30,200,200,150,none,1000,0.0004 0.0001 3e-05,32,4.804493,4.928795,3.285863,0.0004:3 0.0001:13 3e-05:0,1024.9,128.1,1153.0,
20261003-101707,2026-10-03T12:07:17,4eb9139,k2-6j-s30,ga,2,6,30,200,200,150,none,1000,0.0004 0.0001 3e-05,20,2.767894,4.058004,2.705336,0.0004:1 0.0001:6 3e-05:3,78.0,211.1,289.1,
20261003-101707,2026-10-03T12:10:38,4eb9139,k2-8j-s30,ga,2,8,30,200,200,150,none,1000,0.0004 0.0001 3e-05,8,1.120738,2.45485,1.636566,0.0004:2 0.0001:2 3e-05:0,197.9,214.7,412.6,
20261003-101707,2026-10-03T12:14:32,4eb9139,k2-7j-s30,ga,2,7,30,200,200,150,none,1000,0.0004 0.0001 3e-05,29,2.107747,3.243538,2.162359,0.0004:9 0.0001:0 3e-05:5,90.1,612.7,702.8,
20261003-101707,2026-10-03T13:25:05,4a43bbd,k3-7j-s30,ga,3,7,30,200,200,150,none,1000,0.0004 0.0001 3e-05,10,8.450297,11.707149,1.170715,0.0004:4 0.0001:0 3e-05:1,56.7,48.4,105.1,
20261003-101707,2026-10-03T13:25:33,4a43bbd,k3-6j-s30,ga,3,6,30,200,200,150,none,1000,0.0004 0.0001 3e-05,24,9.564722,11.744889,1.174489,0.0004:12 0.0001:0 3e-05:0,48.8,84.2,133.0,
20261003-101707,2026-10-03T13:25:38,4a43bbd,k3-5j-s30,ga,3,5,30,200,200,150,none,1000,0.0004 0.0001 3e-05,31,12.879557,13.82254,1.382254,0.0004:5 0.0001:3 3e-05:7,54.1,83.6,137.7,
20261003-101707,2026-10-03T13:27:38,4a43bbd,k3-8j-s30,ga,3,8,30,200,200,150,none,1000,0.0004 0.0001 3e-05,24,9.495552,10.217897,1.02179,0.0004:11 0.0001:1 3e-05:0,65.7,87.1,152.8,
20261003-101707,2026-10-03T13:27:45,4a43bbd,k1-5j-s31,ga,1,5,31,200,200,150,none,1000,0.0004 0.0001 3e-05,30,2.785382,3.291503,1.645751,0.0004:8 0.0001:6 3e-05:1,52.4,79.5,131.9,
20261003-101707,2026-10-03T13:27:55,4a43bbd,k1-6j-s31,ga,1,6,31,200,200,150,none,1000,0.0004 0.0001 3e-05,20,2.224492,3.104227,1.552113,0.0004:2 0.0001:8 3e-05:0,56.3,80.9,137.2,
20261003-101707,2026-10-03T13:29:17,4a43bbd,k1-7j-s31,ga,1,7,31,200,200,150,none,1000,0.0004 0.0001 3e-05,10,1.005759,1.764519,0.882259,0.0004:4 0.0001:1 3e-05:0,55.9,42.3,98.2,
20261003-101707,2026-10-03T13:29:28,4a43bbd,k1-8j-s31,ga,1,8,31,200,200,150,none,1000,0.0004 0.0001 3e-05,8,0.903891,1.23519,0.617595,0.0004:2 0.0001:2 3e-05:0,55.5,47.6,103.1,
20261003-101707,2026-10-03T13:30:02,4a43bbd,k2-5j-s31,ga,2,5,31,200,200,150,none,1000,0.0004 0.0001 3e-05,29,3.98232,4.669137,3.112758,0.0004:1 0.0001:3 3e-05:10,49.3,77.6,126.9,
20261003-101707,2026-10-03T13:31:28,4a43bbd,k2-6j-s31,ga,2,6,31,200,200,150,none,1000,0.0004 0.0001 3e-05,24,2.423069,4.807792,3.205195,0.0004:4 0.0001:3 3e-05:5,52.5,79.4,131.9,
20261003-101707,2026-10-03T13:31:43,4a43bbd,k2-7j-s31,ga,2,7,31,200,200,150,none,1000,0.0004 0.0001 3e-05,24,1.159321,2.034983,1.356655,0.0004:5 0.0001:7 3e-05:0,53.2,81.0,134.2,
20261003-101707,2026-10-03T13:32:24,4a43bbd,k2-8j-s31,ga,2,8,31,200,200,150,none,1000,0.0004 0.0001 3e-05,20,1.314762,2.324991,1.549994,0.0004:1 0.0001:9 3e-05:0,59.3,82.1,141.4,
20261003-101707,2026-10-03T13:34:22,4a43bbd,k3-5j-s31,ga,3,5,31,200,200,150,none,1000,0.0004 0.0001 3e-05,46,13.815731,14.616626,1.461663,0.0004:11 0.0001:9 3e-05:3,55.4,118.3,173.7,
20261003-101707,2026-10-03T13:34:35,4a43bbd,k3-6j-s31,ga,3,6,31,200,200,150,none,1000,0.0004 0.0001 3e-05,44,11.80583,12.541219,1.254122,0.0004:17 0.0001:2 3e-05:3,52.2,120.1,172.2,
20261003-101707,2026-10-03T13:34:48,4a43bbd,k3-7j-s31,ga,3,7,31,200,200,150,none,1000,0.0004 0.0001 3e-05,24,12.647919,13.310627,1.331063,0.0004:6 0.0001:3 3e-05:3,62.3,81.9,144.2,
20261003-101707,2026-10-03T13:36:46,4a43bbd,k1-5j-s32,ga,1,5,32,200,200,150,none,1000,0.0004 0.0001 3e-05,18,2.617215,3.088811,1.544406,0.0004:8 0.0001:1 3e-05:0,51.6,79.8,131.4,
20261003-101707,2026-10-03T13:36:56,4a43bbd,k3-8j-s31,ga,3,8,31,200,200,150,none,1000,0.0004 0.0001 3e-05,18,9.127932,11.501023,1.150102,0.0004:8 0.0001:1 3e-05:0,69.2,84.4,153.6,
20261003-101707,2026-10-03T13:36:58,4a43bbd,k1-6j-s32,ga,1,6,32,200,200,150,none,1000,0.0004 0.0001 3e-05,28,2.224609,2.950265,1.475133,0.0004:11 0.0001:3 3e-05:0,50.1,80.4,130.4,
20261003-101707,2026-10-03T13:38:20,4a43bbd,k1-7j-s32,ga,1,7,32,200,200,150,none,1000,0.0004 0.0001 3e-05,8,0.621079,1.391703,0.695852,0.0004:1 0.0001:3 3e-05:0,51.5,42.2,93.6,
20261003-101707,2026-10-03T13:38:33,4a43bbd,k1-8j-s32,ga,1,8,32,200,200,150,none,1000,0.0004 0.0001 3e-05,6,0.307531,0.902317,0.451158,0.0004:1 0.0001:1 3e-05:1,54.2,43.2,97.4,
20261003-101707,2026-10-03T13:39:05,4a43bbd,k2-5j-s32,ga,2,5,32,200,200,150,none,1000,0.0004 0.0001 3e-05,32,4.479375,4.96468,3.309787,0.0004:9 0.0001:5 3e-05:2,49.0,78.1,127.0,
20261003-101707,2026-10-03T13:39:55,4a43bbd,k2-6j-s32,ga,2,6,32,200,200,150,none,1000,0.0004 0.0001 3e-05,16,2.672612,3.433902,2.289268,0.0004:2 0.0001:2 3e-05:4,50.8,44.7,95.5,
20261003-101707,2026-10-03T13:40:53,4a43bbd,k2-7j-s32,ga,2,7,32,200,200,150,none,1000,0.0004 0.0001 3e-05,30,2.259051,2.722743,1.815162,0.0004:4 0.0001:11 3e-05:0,54.8,85.2,140.0,
20261003-101707,2026-10-03T13:41:31,4a43bbd,k2-8j-s32,ga,2,8,32,200,200,150,none,1000,0.0004 0.0001 3e-05,22,1.906853,2.475084,1.650056,0.0004:2 0.0001:2 3e-05:7,61.6,84.3,145.9,
20261003-101707,2026-10-03T13:42:29,4a43bbd,k3-6j-s32,ga,3,6,32,200,200,150,none,1000,0.0004 0.0001 3e-05,15,12.7086,13.076821,1.307682,0.0004:7 0.0001:0 3e-05:0,53.7,42.1,95.8,
20261003-101707,2026-10-03T13:42:41,4a43bbd,k3-5j-s32,ga,3,5,32,200,200,150,none,1000,0.0004 0.0001 3e-05,44,13.763207,15.04511,1.504511,0.0004:15 0.0001:5 3e-05:2,50.7,115.1,165.8,
20261003-101707,2026-10-03T13:42:58,4a43bbd,k3-7j-s32,ga,3,7,32,200,200,150,none,1000,0.0004 0.0001 3e-05,2,8.821945,11.025294,1.102529,0.0004:0 0.0001:1 3e-05:0,57.0,30.0,87.0,
20261003-101707,2026-10-03T13:44:07,4a43bbd,k3-8j-s32,ga,3,8,32,200,200,150,none,1000,0.0004 0.0001 3e-05,6,9.665337,10.428329,1.042833,0.0004:1 0.0001:1 3e-05:1,64.5,33.1,97.6,
20261003-101707,2026-10-03T13:44:28,4a43bbd,k1-6j-s33,ga,1,6,33,200,200,150,none,1000,0.0004 0.0001 3e-05,10,1.474309,1.855563,0.927782,0.0004:3 0.0001:0 3e-05:2,47.7,42.6,90.3,
20261003-101707,2026-10-03T13:45:24,4a43bbd,k1-5j-s33,ga,1,5,33,200,200,150,none,1000,0.0004 0.0001 3e-05,34,3.221676,3.631304,1.815652,0.0004:1 0.0001:14 3e-05:2,50.6,112.4,163.0,
20261003-101707,2026-10-03T13:45:38,4a43bbd,k1-7j-s33,ga,1,7,33,200,200,150,none,1000,0.0004 0.0001 3e-05,14,0.763965,0.981104,0.490552,0.0004:6 0.0001:0 3e-05:1,49.6,42.0,91.6,
20261003-101707,2026-10-03T13:46:01,4a43bbd,k1-8j-s33,ga,1,8,33,200,200,150,none,1000,0.0004 0.0001 3e-05,16,0.383141,0.688915,0.344457,0.0004:0 0.0001:2 3e-05:6,62.9,29.6,92.5,
20261003-101707,2026-10-03T13:47:32,4a43bbd,k2-5j-s33,ga,2,5,33,200,200,150,none,1000,0.0004 0.0001 3e-05,20,3.561156,4.794481,3.19632,0.0004:0 0.0001:3 3e-05:6,50.1,78.0,128.1,
20261003-101707,2026-10-03T13:47:52,4a43bbd,k2-6j-s33,ga,2,6,33,200,200,150,none,1000,0.0004 0.0001 3e-05,26,2.682909,4.686662,3.124441,0.0004:5 0.0001:6 3e-05:2,54.3,79.9,134.2,
20261003-101707,2026-10-03T13:48:14,4a43bbd,k2-7j-s33,ga,2,7,33,200,200,150,none,1000,0.0004 0.0001 3e-05,18,1.387132,2.38888,1.592586,0.0004:2 0.0001:5 3e-05:2,52.4,80.4,132.8,
20261003-101707,2026-10-03T13:48:59,4a43bbd,k2-8j-s33,ga,2,8,33,200,200,150,none,1000,0.0004 0.0001 3e-05,24,1.928289,2.278623,1.519082,0.0004:0 0.0001:3 3e-05:9,57.6,29.1,86.7,
20261003-101707,2026-10-03T13:50:07,4a43bbd,k3-5j-s33,ga,3,5,33,200,200,150,none,1000,0.0004 0.0001 3e-05,24,13.472924,14.96737,1.496737,0.0004:7 0.0001:1 3e-05:4,54.9,80.0,134.8,
20261003-101707,2026-10-03T13:50:33,4a43bbd,k3-7j-s33,ga,3,7,33,200,200,150,none,1000,0.0004 0.0001 3e-05,14,10.666174,12.694627,1.269463,0.0004:4 0.0001:3 3e-05:0,51.1,42.8,93.9,
20261003-101707,2026-10-03T13:51:04,4a43bbd,k3-6j-s33,ga,3,6,33,200,200,150,none,1000,0.0004 0.0001 3e-05,34,12.122815,13.243623,1.324362,0.0004:9 0.0001:4 3e-05:4,50.7,119.6,170.4,
20261003-101707,2026-10-03T13:51:45,4a43bbd,k3-8j-s33,ga,3,8,33,200,200,150,none,1000,0.0004 0.0001 3e-05,12,9.391064,14.383323,1.438332,0.0004:1 0.0001:4 3e-05:1,54.8,42.9,97.7,
20261003-101707,2026-10-03T13:53:14,4a43bbd,k1-6j-s34,ga,1,6,34,200,200,150,none,1000,0.0004 0.0001 3e-05,20,1.662663,2.19205,1.096025,0.0004:9 0.0001:1 3e-05:0,50.0,79.9,129.9,
20261003-101707,2026-10-03T13:53:19,4a43bbd,k1-7j-s34,ga,1,7,34,200,200,150,none,1000,0.0004 0.0001 3e-05,4,1.278023,1.772924,0.886462,0.0004:1 0.0001:1 3e-05:0,54.6,39.1,93.6,
20261003-101707,2026-10-03T13:53:57,4a43bbd,k1-5j-s34,ga,1,5,34,200,200,150,none,1000,0.0004 0.0001 3e-05,58,3.102367,3.476294,1.738147,0.0004:21 0.0001:8 3e-05:0,51.7,152.9,204.6,
20261003-101707,2026-10-03T13:54:55,4a43bbd,k1-8j-s34,ga,1,8,34,200,200,150,none,1000,0.0004 0.0001 3e-05,4,0.370434,0.517989,0.258994,0.0004:2 0.0001:0 3e-05:0,57.5,44.0,101.5,
20261003-101707,2026-10-03T13:55:28,4a43bbd,k2-5j-s34,ga,2,5,34,200,200,150,none,1000,0.0004 0.0001 3e-05,22,3.550299,4.288944,2.859296,0.0004:5 0.0001:3 3e-05:3,51.2,78.2,129.4,
20261003-101707,2026-10-03T13:56:02,4a43bbd,k2-6j-s34,ga,2,6,34,200,200,150,none,1000,0.0004 0.0001 3e-05,23,2.555772,3.249922,2.166615,0.0004:7 0.0001:3 3e-05:1,46.3,78.4,124.7,
20261003-101707,2026-10-03T13:56:30,4a43bbd,k2-7j-s34,ga,2,7,34,200,200,150,none,1000,0.0004 0.0001 3e-05,12,1.353683,2.862301,1.908201,0.0004:5 0.0001:1 3e-05:0,53.4,41.4,94.8,
20261003-101707,2026-10-03T13:57:52,4a43bbd,k2-8j-s34,ga,2,8,34,200,200,150,none,1000,0.0004 0.0001 3e-05,18,0.660701,1.255177,0.836785,0.0004:5 0.0001:0 3e-05:4,61.6,82.0,143.6,
20261003-101707,2026-10-03T13:58:41,4a43bbd,k3-6j-s34,ga,3,6,34,200,200,150,none,1000,0.0004 0.0001 3e-05,24,11.517498,13.994291,1.399429,0.0004:11 0.0001:1 3e-05:0,50.2,80.0,130.2,
20261003-101707,2026-10-03T13:58:49,4a43bbd,k3-5j-s34,ga,3,5,34,200,200,150,none,1000,0.0004 0.0001 3e-05,36,13.927858,14.781171,1.478117,0.0004:7 0.0001:4 3e-05:7,53.6,113.5,167.1,
20261003-101707,2026-10-03T14:00:05,4a43bbd,k3-7j-s34,ga,3,7,34,200,200,150,none,1000,0.0004 0.0001 3e-05,18,9.796109,11.898235,1.189824,0.0004:8 0.0001:1 3e-05:0,50.4,82.7,133.1,
20261003-101707,2026-10-03T14:01:05,4a43bbd,k3-8j-s34,ga,3,8,34,200,200,150,none,1000,0.0004 0.0001 3e-05,20,8.295428,9.47471,0.947471,0.0004:9 0.0001:1 3e-05:0,60.9,83.2,144.1,
20261003-101707,2026-10-03T14:02:22,4a43bbd,k1-6j-s35,ga,1,6,35,200,200,150,none,1000,0.0004 0.0001 3e-05,28,2.129021,2.529275,1.264638,0.0004:13 0.0001:1 3e-05:0,57.0,80.5,137.5,
20261003-101707,2026-10-03T14:02:37,4a43bbd,k1-7j-s35,ga,1,7,35,200,200,150,none,1000,0.0004 0.0001 3e-05,14,1.28429,1.747766,0.873883,0.0004:5 0.0001:1 3e-05:1,49.3,43.3,92.5,
20261003-101707,2026-10-03T14:02:51,4a43bbd,k1-5j-s35,ga,1,5,35,200,200,150,none,1000,0.0004 0.0001 3e-05,70,1.949652,2.014706,1.007353,0.0004:32 0.0001:3 3e-05:0,52.7,188.8,241.5,
20261003-101707,2026-10-03T14:03:28,4a43bbd,k2-5j-s35,ga,2,5,35,200,200,150,none,1000,0.0004 0.0001 3e-05,9,3.949697,4.174311,2.782874,0.0004:0 0.0001:2 3e-05:2,49.5,0.9,50.4,
20261003-101707,2026-10-03T14:04:02,4a43bbd,k1-8j-s35,ga,1,8,35,200,200,150,none,1000,0.0004 0.0001 3e-05,4,0.415388,0.796004,0.398002,0.0004:1 0.0001:1 3e-05:0,56.3,42.9,99.2,
20261003-101707,2026-10-03T14:05:35,4a43bbd,k2-6j-s35,ga,2,6,35,200,200,150,none,1000,0.0004 0.0001 3e-05,42,2.374371,3.137957,2.091971,0.0004:19 0.0001:1 3e-05:1,51.0,113.3,164.4,
20261003-101707,2026-10-03T14:05:44,4a43bbd,k2-7j-s35,ga,2,7,35,200,200,150,none,1000,0.0004 0.0001 3e-05,18,1.217262,2.569307,1.712871,0.0004:8 0.0001:0 3e-05:1,55.6,81.2,136.8,
20261003-101707,2026-10-03T14:05:46,4a43bbd,k2-8j-s35,ga,2,8,35,200,200,150,none,1000,0.0004 0.0001 3e-05,6,1.065005,1.554607,1.036404,0.0004:2 0.0001:0 3e-05:1,59.8,44.3,104.1,
20261003-101707,2026-10-03T14:07:25,4a43bbd,k3-6j-s35,ga,3,6,35,200,200,150,none,1000,0.0004 0.0001 3e-05,16,11.229044,12.34364,1.234364,0.0004:6 0.0001:1 3e-05:1,58.0,42.6,100.6,
20261003-101707,2026-10-03T14:08:04,4a43bbd,k3-7j-s35,ga,3,7,35,200,200,150,none,1000,0.0004 0.0001 3e-05,22,10.380908,11.235238,1.123524,0.0004:9 0.0001:1 3e-05:1,56.1,82.5,138.6,
20261003-101707,2026-10-03T14:08:20,4a43bbd,k3-5j-s35,ga,3,5,35,200,200,150,none,1000,0.0004 0.0001 3e-05,40,13.956841,15.069972,1.506997,0.0004:6 0.0001:5 3e-05:9,51.8,113.2,164.9,
20261003-101707,2026-10-03T14:09:07,4a43bbd,k3-8j-s35,ga,3,8,35,200,200,150,none,1000,0.0004 0.0001 3e-05,16,7.769946,8.77248,0.877248,0.0004:5 0.0001:1 3e-05:2,59.8,42.5,102.3,
20261003-101707,2026-10-03T14:10:15,4a43bbd,k1-5j-s36,ga,1,5,36,200,200,150,none,1000,0.0004 0.0001 3e-05,22,3.092847,3.416906,1.708453,0.0004:6 0.0001:3 3e-05:2,52.1,79.2,131.3,
20261003-101707,2026-10-03T14:10:33,4a43bbd,k1-6j-s36,ga,1,6,36,200,200,150,none,1000,0.0004 0.0001 3e-05,20,1.680139,1.841014,0.920507,0.0004:8 0.0001:0 3e-05:2,53.4,79.9,133.3,
20261003-101707,2026-10-03T14:10:44,4a43bbd,k1-7j-s36,ga,1,7,36,200,200,150,none,1000,0.0004 0.0001 3e-05,12,1.193733,2.370518,1.185259,0.0004:3 0.0001:3 3e-05:0,53.9,42.9,96.8,
20261003-101707,2026-10-03T14:11:50,4a43bbd,k1-8j-s36,ga,1,8,36,200,200,150,none,1000,0.0004 0.0001 3e-05,2,0.504245,0.922834,0.461417,0.0004:0 0.0001:1 3e-05:0,52.4,42.4,94.8,
20261003-101707,2026-10-03T14:13:00,4a43bbd,k2-6j-s36,ga,2,6,36,200,200,150,none,1000,0.0004 0.0001 3e-05,20,3.049585,3.847831,2.565221,0.0004:4 0.0001:6 3e-05:0,55.8,79.9,135.7,
20261003-101707,2026-10-03T14:13:18,4a43bbd,k2-5j-s36,ga,2,5,36,200,200,150,none,1000,0.0004 0.0001 3e-05,36,4.027172,5.036614,3.357742,0.0004:2 0.0001:9 3e-05:7,52.0,113.1,165.2,
20261003-101707,2026-10-03T14:14:06,4a43bbd,k2-7j-s36,ga,2,7,36,200,200,150,none,1000,0.0004 0.0001 3e-05,22,2.661407,3.612679,2.408452,0.0004:7 0.0001:4 3e-05:0,56.2,79.5,135.7,
20261003-101707,2026-10-03T14:14:43,4a43bbd,k2-8j-s36,ga,2,8,36,200,200,150,none,1000,0.0004 0.0001 3e-05,14,0.891028,2.58668,1.724454,0.0004:6 0.0001:0 3e-05:1,59.1,44.5,103.5,
20261003-101707,2026-10-03T14:16:05,4a43bbd,k3-5j-s36,ga,3,5,36,200,200,150,none,1000,0.0004 0.0001 3e-05,38,14.050512,15.023846,1.502385,0.0004:10 0.0001:7 3e-05:2,51.2,115.1,166.3,
20261003-101707,2026-10-03T14:16:17,4a43bbd,k3-7j-s36,ga,3,7,36,200,200,150,none,1000,0.0004 0.0001 3e-05,10,9.939813,12.208771,1.220877,0.0004:2 0.0001:3 3e-05:0,50.0,43.4,93.5,
20261003-101707,2026-10-03T14:16:53,4a43bbd,k3-6j-s36,ga,3,6,36,200,200,150,none,1000,0.0004 0.0001 3e-05,34,13.27066,13.903701,1.39037,0.0004:9 0.0001:3 3e-05:5,51.4,115.8,167.2,
20261003-101707,2026-10-03T14:18:25,4a43bbd,k3-8j-s36,ga,3,8,36,200,200,150,none,1000,0.0004 0.0001 3e-05,18,7.19096,10.604243,1.060424,0.0004:3 0.0001:2 3e-05:4,56.7,83.2,139.9,
20261003-101707,2026-10-03T14:19:04,4a43bbd,k1-6j-s37,ga,1,6,37,200,200,150,none,1000,0.0004 0.0001 3e-05,22,2.527033,2.891607,1.445804,0.0004:7 0.0001:4 3e-05:0,50.5,80.6,131.2,
20261003-101707,2026-10-03T14:19:44,4a43bbd,k1-5j-s37,ga,1,5,37,200,200,150,none,1000,0.0004 0.0001 3e-05,52,2.711257,3.02153,1.510765,0.0004:19 0.0001:6 3e-05:1,52.8,154.7,207.5,
20261003-101707,2026-10-03T14:20:04,4a43bbd,k1-7j-s37,ga,1,7,37,200,200,150,none,1000,0.0004 0.0001 3e-05,16,1.033505,1.330001,0.665,0.0004:5 0.0001:1 3e-05:2,56.1,43.3,99.4,
20261003-101707,2026-10-03T14:21:16,4a43bbd,k2-5j-s37,ga,2,5,37,200,200,150,none,1000,0.0004 0.0001 3e-05,12,3.778628,5.255136,3.503424,0.0004:0 0.0001:4 3e-05:2,50.5,41.5,91.9,
20261003-101707,2026-10-03T14:21:27,4a43bbd,k1-8j-s37,ga,1,8,37,200,200,150,none,1000,0.0004 0.0001 3e-05,22,1.02555,1.191222,0.595611,0.0004:9 0.0001:2 3e-05:0,61.7,80.9,142.6,
20261003-101707,2026-10-03T14:21:34,4a43bbd,k2-6j-s37,ga,2,6,37,200,200,150,none,1000,0.0004 0.0001 3e-05,14,2.161826,3.451612,2.301075,0.0004:3 0.0001:2 3e-05:2,47.9,42.2,90.1,
20261003-101707,2026-10-03T14:23:30,4a43bbd,k2-7j-s37,ga,2,7,37,200,200,150,none,1000,0.0004 0.0001 3e-05,20,1.392006,2.202521,1.468347,0.0004:9 0.0001:1 3e-05:0,52.9,81.1,134.0,
20261003-101707,2026-10-03T14:23:36,4a43bbd,k2-8j-s37,ga,2,8,37,200,200,150,none,1000,0.0004 0.0001 3e-05,32,1.495693,2.27252,1.515013,0.0004:4 0.0001:6 3e-05:6,62.2,67.2,129.4,
20261003-101707,2026-10-03T14:23:42,4a43bbd,k3-5j-s37,ga,3,5,37,200,200,150,none,1000,0.0004 0.0001 3e-05,38,13.327639,13.757687,1.375769,0.0004:0 0.0001:7 3e-05:12,54.8,72.7,127.6,
20261003-101707,2026-10-03T14:25:14,4a43bbd,k3-7j-s37,ga,3,7,37,200,200,150,none,1000,0.0004 0.0001 3e-05,13,8.895548,10.238059,1.023806,0.0004:2 0.0001:3 3e-05:1,54.2,43.3,97.5,
20261003-101707,2026-10-03T14:25:22,4a43bbd,k3-8j-s37,ga,3,8,37,200,200,150,none,1000,0.0004 0.0001 3e-05,14,8.197638,10.274623,1.027462,0.0004:5 0.0001:2 3e-05:0,57.1,43.6,100.7,
20261003-101707,2026-10-03T14:25:50,4a43bbd,k3-6j-s37,ga,3,6,37,200,200,150,none,1000,0.0004 0.0001 3e-05,31,12.231679,14.005059,1.400506,0.0004:10 0.0001:4 3e-05:1,59.8,79.5,139.3,
20261003-101707,2026-10-03T14:26:47,4a43bbd,k1-5j-s38,ga,1,5,38,200,200,150,none,1000,0.0004 0.0001 3e-05,12,1.786052,1.985854,0.992927,0.0004:4 0.0001:2 3e-05:0,53.0,40.6,93.6,
20261003-101707,2026-10-03T14:27:26,4a43bbd,k1-7j-s38,ga,1,7,38,200,200,150,none,1000,0.0004 0.0001 3e-05,16,0.817795,1.638146,0.819073,0.0004:5 0.0001:2 3e-05:1,53.9,42.7,96.7,
20261003-101707,2026-10-03T14:28:32,4a43bbd,k1-8j-s38,ga,1,8,38,200,200,150,none,1000,0.0004 0.0001 3e-05,12,0.565754,1.180137,0.590069,0.0004:5 0.0001:1 3e-05:0,61.9,43.1,105.0,
20261003-101707,2026-10-03T14:28:48,4a43bbd,k1-6j-s38,ga,1,6,38,200,200,150,none,1000,0.0004 0.0001 3e-05,54,2.097035,2.470282,1.235141,0.0004:27 0.0001:0 3e-05:0,57.6,148.4,206.0,
20261003-101707,2026-10-03T14:30:00,4a43bbd,k2-6j-s38,ga,2,6,38,200,200,150,none,1000,0.0004 0.0001 3e-05,18,2.461001,2.788698,1.859132,0.0004:0 0.0001:5 3e-05:4,47.9,39.4,87.2,
20261003-101707,2026-10-03T14:30:09,4a43bbd,k2-5j-s38,ga,2,5,38,200,200,150,none,1000,0.0004 0.0001 3e-05,38,4.936835,5.45481,3.63654,0.0004:6 0.0001:6 3e-05:7,48.2,114.3,162.5,
20261003-101707,2026-10-03T14:31:07,4a43bbd,k2-7j-s38,ga,2,7,38,200,200,150,none,1000,0.0004 0.0001 3e-05,18,3.09752,3.683945,2.455963,0.0004:2 0.0001:7 3e-05:0,57.2,80.9,138.2,
20261003-101707,2026-10-03T14:31:38,4a43bbd,k2-8j-s38,ga,2,8,38,200,200,150,none,1000,0.0004 0.0001 3e-05,10,0.823258,1.369866,0.913244,0.0004:2 0.0001:2 3e-05:1,54.9,43.6,98.5,
20261003-101707,2026-10-03T14:32:52,4a43bbd,k3-5j-s38,ga,3,5,38,200,200,150,none,1000,0.0004 0.0001 3e-05,39,12.804487,13.230084,1.323008,0.0004:10 0.0001:4 3e-05:5,50.9,112.8,163.7,
20261003-101707,2026-10-03T14:33:23,4a43bbd,k3-6j-s38,ga,3,6,38,200,200,150,none,1000,0.0004 0.0001 3e-05,24,13.381826,14.250546,1.425055,0.0004:10 0.0001:2 3e-05:0,56.5,79.4,135.9,
20261003-101707,2026-10-03T14:33:55,4a43bbd,k3-7j-s38,ga,3,7,38,200,200,150,none,1000,0.0004 0.0001 3e-05,20,11.20921,11.703527,1.170353,0.0004:4 0.0001:4 3e-05:2,57.1,80.2,137.3,
20261003-101707,2026-10-03T14:35:08,4a43bbd,k3-8j-s38,ga,3,8,38,200,200,150,none,1000,0.0004 0.0001 3e-05,22,7.051773,10.060847,1.006085,0.0004:8 0.0001:1 3e-05:2,54.9,80.8,135.6,
20261003-101707,2026-10-03T14:36:06,4a43bbd,k1-6j-s39,ga,1,6,39,200,200,150,none,1000,0.0004 0.0001 3e-05,22,1.647332,2.70907,1.354535,0.0004:9 0.0001:2 3e-05:0,49.8,80.8,130.7,
20261003-101707,2026-10-03T14:36:49,4a43bbd,k1-5j-s39,ga,1,5,39,200,200,150,none,1000,0.0004 0.0001 3e-05,52,1.809532,2.010381,1.00519,0.0004:26 0.0001:0 3e-05:0,56.1,149.9,206.0,
20261003-101707,2026-10-03T14:36:50,4a43bbd,k1-7j-s39,ga,1,7,39,200,200,150,none,1000,0.0004 0.0001 3e-05,16,1.520487,1.6843,0.84215,0.0004:5 0.0001:2 3e-05:1,57.8,43.9,101.7,
20261003-101707,2026-10-03T14:37:48,4a43bbd,k1-8j-s39,ga,1,8,39,200,200,150,none,1000,0.0004 0.0001 3e-05,12,0.70782,1.207779,0.603889,0.0004:5 0.0001:1 3e-05:0,60.8,41.6,102.4,
20261003-101707,2026-10-03T14:38:24,4a43bbd,k2-6j-s39,ga,2,6,39,200,200,150,none,1000,0.0004 0.0001 3e-05,12,3.220738,4.114647,2.743098,0.0004:2 0.0001:3 3e-05:1,51.8,42.2,93.9,
20261003-101707,2026-10-03T14:38:49,4a43bbd,k2-5j-s39,ga,2,5,39,200,200,150,none,1000,0.0004 0.0001 3e-05,22,3.571446,4.962811,3.308541,0.0004:3 0.0001:4 3e-05:4,49.6,70.7,120.4,
20261003-101707,2026-10-03T14:39:23,4a43bbd,k2-7j-s39,ga,2,7,39,200,200,150,none,1000,0.0004 0.0001 3e-05,10,1.70049,2.368015,1.578677,0.0004:2 0.0001:3 3e-05:0,53.7,41.3,95.0,
20261003-101707,2026-10-03T14:39:43,4a43bbd,k2-8j-s39,ga,2,8,39,200,200,150,none,1000,0.0004 0.0001 3e-05,2,0.408176,0.941686,0.62779,0.0004:0 0.0001:1 3e-05:0,54.2,25.2,79.4,
20261003-101707,2026-10-03T14:40:59,4a43bbd,k3-5j-s39,ga,3,5,39,200,200,150,none,1000,0.0004 0.0001 3e-05,32,12.746442,13.625477,1.362548,0.0004:8 0.0001:6 3e-05:2,52.1,78.0,130.1,
20261003-101707,2026-10-03T14:41:36,4a43bbd,k3-6j-s39,ga,3,6,39,200,200,150,none,1000,0.0004 0.0001 3e-05,18,12.253494,14.612947,1.461295,0.0004:3 0.0001:0 3e-05:6,52.2,80.0,132.2,
20261003-101707,2026-10-03T14:42:03,4a43bbd,k3-7j-s39,ga,3,7,39,200,200,150,none,1000,0.0004 0.0001 3e-05,32,11.362661,11.913099,1.19131,0.0004:7 0.0001:7 3e-05:2,58.2,81.5,139.7,
20261003-101707,2026-10-03T14:43:19,4a43bbd,k3-8j-s39,ga,3,8,39,200,200,150,none,1000,0.0004 0.0001 3e-05,18,8.711889,10.133236,1.013324,0.0004:7 0.0001:1 3e-05:1,57.2,82.7,139.9,
20261003-101707,2026-10-03T14:44:15,4a43bbd,k1-6j-s40,ga,1,6,40,200,200,150,none,1000,0.0004 0.0001 3e-05,32,2.014188,2.456587,1.228294,0.0004:13 0.0001:2 3e-05:1,51.0,80.9,131.8,
20261003-101707,2026-10-03T14:44:22,4a43bbd,k1-5j-s40,ga,1,5,40,200,200,150,none,1000,0.0004 0.0001 3e-05,36,2.734298,3.174734,1.587367,0.0004:7 0.0001:8 3e-05:3,53.1,113.7,166.8,
20261003-101707,2026-10-03T14:44:58,4a43bbd,k1-7j-s40,ga,1,7,40,200,200,150,none,1000,0.0004 0.0001 3e-05,6,1.108777,1.544617,0.772308,0.0004:2 0.0001:1 3e-05:0,56.3,42.7,99.0,
20261003-101707,2026-10-03T14:45:54,4a43bbd,k1-8j-s40,ga,1,8,40,200,200,150,none,1000,0.0004 0.0001 3e-05,8,0.069268,0.196063,0.098031,0.0004:4 0.0001:0 3e-05:0,65.9,33.1,99.0,
20261003-101707,2026-10-03T14:46:30,4a43bbd,k2-6j-s40,ga,2,6,40,200,200,150,none,1000,0.0004 0.0001 3e-05,16,2.315213,2.873842,1.915895,0.0004:2 0.0001:1 3e-05:5,49.7,42.7,92.4,
20261003-101707,2026-10-03T14:46:33,4a43bbd,k2-5j-s40,ga,2,5,40,200,200,150,none,1000,0.0004 0.0001 3e-05,26,3.776375,4.404264,2.936176,0.0004:7 0.0001:3 3e-05:3,52.8,78.2,131.0,
20261003-101707,2026-10-03T14:47:29,4a43bbd,k2-7j-s40,ga,2,7,40,200,200,150,none,1000,0.0004 0.0001 3e-05,16,1.682877,2.687022,1.791348,0.0004:1 0.0001:5 3e-05:2,54.6,41.1,95.7,
20261003-101707,2026-10-03T14:48:13,4a43bbd,k2-8j-s40,ga,2,8,40,200,200,150,none,1000,0.0004 0.0001 3e-05,10,0.120847,1.156521,0.771014,0.0004:4 0.0001:1 3e-05:0,58.9,43.3,102.2,
20261003-101707,2026-10-03T14:48:46,4a43bbd,k3-5j-s40,ga,3,5,40,200,200,150,none,1000,0.0004 0.0001 3e-05,26,12.576904,13.8469,1.38469,0.0004:9 0.0001:4 3e-05:0,54.4,77.8,132.3,
20261003-101707,2026-10-03T14:49:02,4a43bbd,k3-6j-s40,ga,3,6,40,200,200,150,none,1000,0.0004 0.0001 3e-05,12,12.834938,14.45141,1.445141,0.0004:4 0.0001:1 3e-05:1,51.3,41.2,92.5,
20261003-101707,2026-10-03T14:50:25,4a43bbd,k3-8j-s40,ga,3,8,40,200,200,150,none,1000,0.0004 0.0001 3e-05,14,8.103675,9.725935,0.972594,0.0004:5 0.0001:1 3e-05:1,54.9,44.2,99.1,
20261003-101707,2026-10-03T14:50:28,4a43bbd,k3-7j-s40,ga,3,7,40,200,200,150,none,1000,0.0004 0.0001 3e-05,32,10.285183,11.855861,1.185586,0.0004:4 0.0001:10 3e-05:2,55.1,80.7,135.7,
20261003-101707,2026-10-03T14:51:06,4a43bbd,k1-5j-s41,ga,1,5,41,200,200,150,none,1000,0.0004 0.0001 3e-05,22,2.844272,3.121668,1.560834,0.0004:6 0.0001:5 3e-05:0,45.8,78.8,124.6,
20261003-101707,2026-10-03T14:52:02,4a43bbd,k1-6j-s41,ga,1,6,41,200,200,150,none,1000,0.0004 0.0001 3e-05,14,1.468981,1.741914,0.870957,0.0004:6 0.0001:0 3e-05:1,55.5,42.0,97.5,
20261003-101707,2026-10-03T14:52:42,4a43bbd,k1-7j-s41,ga,1,7,41,200,200,150,none,1000,0.0004 0.0001 3e-05,18,0.886696,1.330294,0.665147,0.0004:8 0.0001:1 3e-05:0,53.4,80.3,133.7,
20261003-101707,2026-10-03T14:52:47,4a43bbd,k1-8j-s41,ga,1,8,41,200,200,150,none,1000,0.0004 0.0001 3e-05,8,1.036366,1.79218,0.89609,0.0004:1 0.0001:2 3e-05:1,57.5,42.9,100.5,
20261003-101707,2026-10-03T14:54:11,4a43bbd,k2-5j-s41,ga,2,5,41,200,200,150,none,1000,0.0004 0.0001 3e-05,24,4.808095,5.252035,3.501356,0.0004:1 0.0001:9 3e-05:2,49.7,78.5,128.2,
20261003-101707,2026-10-03T14:54:46,4a43bbd,k2-6j-s41,ga,2,6,41,200,200,150,none,1000,0.0004 0.0001 3e-05,17,2.468052,3.21827,2.145513,0.0004:4 0.0001:3 3e-05:1,53.1,71.1,124.2,
20261003-101707,2026-10-03T14:54:59,4a43bbd,k2-7j-s41,ga,2,7,41,200,200,150,none,1000,0.0004 0.0001 3e-05,21,0.614337,1.32333,0.88222,0.0004:2 0.0001:4 3e-05:4,50.4,81.6,132.1,
20261003-101707,2026-10-03T14:55:53,4a43bbd,k2-8j-s41,ga,2,8,41,200,200,150,none,1000,0.0004 0.0001 3e-05,12,0.635056,0.959904,0.639936,0.0004:6 0.0001:0 3e-05:0,59.9,42.4,102.3,
20261003-101707,2026-10-03T14:56:17,4a43bbd,k3-5j-s41,ga,3,5,41,200,200,150,none,1000,0.0004 0.0001 3e-05,14,13.500254,14.851807,1.485181,0.0004:1 0.0001:0 3e-05:6,50.1,40.6,90.7,
20261003-101707,2026-10-03T14:56:31,4a43bbd,k3-6j-s41,ga,3,6,41,200,200,150,none,1000,0.0004 0.0001 3e-05,4,13.46496,14.781732,1.478173,0.0004:2 0.0001:0 3e-05:0,51.6,40.6,92.2,
20261003-101707,2026-10-03T14:57:24,4a43bbd,k3-7j-s41,ga,3,7,41,200,200,150,none,1000,0.0004 0.0001 3e-05,14,11.094806,12.413286,1.241329,0.0004:2 0.0001:3 3e-05:2,51.7,39.7,91.4,
20261003-101707,2026-10-03T14:57:58,4a43bbd,k3-8j-s41,ga,3,8,41,200,200,150,none,1000,0.0004 0.0001 3e-05,14,9.218815,12.860144,1.286014,0.0004:3 0.0001:4 3e-05:0,57.6,43.4,101.1,
20261003-101707,2026-10-03T14:59:30,4a43bbd,k1-6j-s42,ga,1,6,42,200,200,150,none,1000,0.0004 0.0001 3e-05,20,1.496339,2.138789,1.069394,0.0004:3 0.0001:3 3e-05:4,46.2,79.6,125.8,
20261003-101707,2026-10-03T14:59:38,4a43bbd,k1-7j-s42,ga,1,7,42,200,200,150,none,1000,0.0004 0.0001 3e-05,12,0.996778,1.191514,0.595757,0.0004:5 0.0001:1 3e-05:0,56.5,43.4,99.9,
20261003-101707,2026-10-03T14:59:45,4a43bbd,k1-5j-s42,ga,1,5,42,200,200,150,none,1000,0.0004 0.0001 3e-05,54,2.528941,2.828263,1.414132,0.0004:13 0.0001:12 3e-05:2,45.4,148.6,194.0,
20261003-101707,2026-10-03T15:01:07,4a43bbd,k1-8j-s42,ga,1,8,42,200,200,150,none,1000,0.0004 0.0001 3e-05,10,0.642277,1.412024,0.706012,0.0004:1 0.0001:4 3e-05:0,53.7,43.7,97.4,
20261003-101707,2026-10-03T15:02:23,4a43bbd,k2-5j-s42,ga,2,5,42,200,200,150,none,1000,0.0004 0.0001 3e-05,33,3.914211,4.216541,2.811027,0.0004:0 0.0001:9 3e-05:7,49.7,115.3,164.9,
20261003-101707,2026-10-03T15:02:38,4a43bbd,k2-6j-s42,ga,2,6,42,200,200,150,none,1000,0.0004 0.0001 3e-05,40,3.811245,4.446095,2.964063,0.0004:9 0.0001:8 3e-05:3,56.8,116.3,173.0,
20261003-101707,2026-10-03T15:03:23,4a43bbd,k2-7j-s42,ga,2,7,42,200,200,150,none,1000,0.0004 0.0001 3e-05,28,2.046981,3.163636,2.10909,0.0004:8 0.0001:4 3e-05:2,55.6,80.1,135.7,
20261003-101707,2026-10-03T15:04:03,4a43bbd,k2-8j-s42,ga,2,8,42,200,200,150,none,1000,0.0004 0.0001 3e-05,10,1.088962,1.351707,0.901138,0.0004:0 0.0001:5 3e-05:0,57.3,43.0,100.3,
20261003-101707,2026-10-03T15:05:26,4a43bbd,k3-5j-s42,ga,3,5,42,200,200,150,none,1000,0.0004 0.0001 3e-05,40,14.760557,15.318176,1.531818,0.0004:8 0.0001:7 3e-05:5,55.2,112.4,167.6,
20261003-101707,2026-10-03T15:05:47,4a43bbd,k3-6j-s42,ga,3,6,42,200,200,150,none,1000,0.0004 0.0001 3e-05,26,13.278048,13.7685,1.37685,0.0004:4 0.0001:1 3e-05:8,63.6,80.0,143.5,
20261003-101707,2026-10-03T15:06:18,4a43bbd,k3-7j-s42,ga,3,7,42,200,200,150,none,1000,0.0004 0.0001 3e-05,24,10.10872,11.152751,1.115275,0.0004:7 0.0001:5 3e-05:0,54.5,80.5,135.1,
20261003-101707,2026-10-03T15:07:46,4a43bbd,k3-8j-s42,ga,3,8,42,200,200,150,none,1000,0.0004 0.0001 3e-05,22,7.525512,9.676727,0.967673,0.0004:9 0.0001:1 3e-05:1,56.8,83.1,139.9,
20261003-101707,2026-10-03T15:08:27,4a43bbd,k1-6j-s43,ga,1,6,43,200,200,150,none,1000,0.0004 0.0001 3e-05,24,1.895292,2.462673,1.231336,0.0004:9 0.0001:2 3e-05:1,48.5,80.1,128.6,
20261003-101707,2026-10-03T15:08:31,4a43bbd,k1-5j-s43,ga,1,5,43,200,200,150,none,1000,0.0004 0.0001 3e-05,38,2.903172,3.741184,1.870592,0.0004:9 0.0001:9 3e-05:1,50.1,113.8,163.9,
20261003-101707,2026-10-03T15:09:26,4a43bbd,k1-7j-s43,ga,1,7,43,200,200,150,none,1000,0.0004 0.0001 3e-05,14,1.627276,1.803029,0.901514,0.0004:2 0.0001:5 3e-05:0,58.9,40.9,99.9,
20261003-101707,2026-10-03T15:10:43,4a43bbd,k2-5j-s43,ga,2,5,43,200,200,150,none,1000,0.0004 0.0001 3e-05,30,4.380614,4.827973,3.218649,0.0004:6 0.0001:4 3e-05:5,53.6,79.1,132.7,
20261003-101707,2026-10-03T15:10:48,4a43bbd,k1-8j-s43,ga,1,8,43,200,200,150,none,1000,0.0004 0.0001 3e-05,20,0.853436,1.18171,0.590855,0.0004:3 0.0001:7 3e-05:0,60.0,81.4,141.4,
20261003-101707,2026-10-03T15:11:39,4a43bbd,k2-6j-s43,ga,2,6,43,200,200,150,none,1000,0.0004 0.0001 3e-05,32,4.184833,4.578607,3.052404,0.0004:15 0.0001:1 3e-05:0,55.2,78.6,133.8,
20261003-101707,2026-10-03T15:13:03,4a43bbd,k2-7j-s43,ga,2,7,43,200,200,150,none,1000,0.0004 0.0001 3e-05,22,1.565646,3.47179,2.314527,0.0004:7 0.0001:2 3e-05:2,56.5,82.9,139.5,
20261003-101707,2026-10-03T15:13:09,4a43bbd,k2-8j-s43,ga,2,8,43,200,200,150,none,1000,0.0004 0.0001 3e-05,18,2.511799,3.755759,2.50384,0.0004:2 0.0001:5 3e-05:2,58.3,82.3,140.7,
20261003-101707,2026-10-03T15:13:53,4a43bbd,k3-5j-s43,ga,3,5,43,200,200,150,none,1000,0.0004 0.0001 3e-05,21,12.762581,13.594873,1.359487,0.0004:3 0.0001:5 3e-05:2,54.2,79.8,134.1,
20261003-101707,2026-10-03T15:15:23,4a43bbd,k3-6j-s43,ga,3,6,43,200,200,150,none,1000,0.0004 0.0001 3e-05,20,12.637223,13.165965,1.316597,0.0004:2 0.0001:4 3e-05:4,60.1,80.4,140.6,
20261003-101707,2026-10-03T15:15:24,4a43bbd,k3-7j-s43,ga,3,7,43,200,200,150,none,1000,0.0004 0.0001 3e-05,18,11.128381,12.056114,1.205611,0.0004:6 0.0001:3 3e-05:0,54.2,81.2,135.4,
20261003-101707,2026-10-03T15:27:00,4a43bbd,k3-8j-s43,ga,3,8,43,200,200,150,none,1000,0.0004 0.0001 3e-05,26,6.321204,8.743205,0.874321,0.0004:9 0.0001:3 3e-05:1,51.8,734.1,785.9,
20261003-101707,2026-10-03T15:38:46,4a43bbd,k1-5j-s44,ga,1,5,44,200,200,150,none,1000,0.0004 0.0001 3e-05,14,2.058529,2.683245,1.341623,0.0004:4 0.0001:1 3e-05:2,797.7,604.9,1402.5,
20261003-101707,2026-10-03T15:50:12,4a43bbd,k1-6j-s44,ga,1,6,44,200,200,150,none,1000,0.0004 0.0001 3e-05,24,1.995897,2.087595,1.043798,0.0004:12 0.0001:0 3e-05:0,822.2,1265.5,2087.7,
20261003-101707,2026-10-03T16:04:03,4a43bbd,k1-7j-s44,ga,1,7,44,200,200,150,none,1000,0.0004 0.0001 3e-05,22,1.512405,1.662868,0.831434,0.0004:10 0.0001:0 3e-05:1,936.5,1286.9,2223.4,
20261003-101707,2026-10-03T16:07:07,4a43bbd,k1-8j-s44,ga,1,8,44,200,200,150,none,1000,0.0004 0.0001 3e-05,2,0.214235,0.368424,0.184212,0.0004:0 0.0001:1 3e-05:0,966.6,734.8,1701.4,
20261003-101707,2026-10-03T16:09:53,4a43bbd,k2-5j-s44,ga,2,5,44,200,200,150,none,1000,0.0004 0.0001 3e-05,20,3.77654,4.080722,2.720481,0.0004:0 0.0001:6 3e-05:3,827.9,352.8,1180.7,
20261003-101707,2026-10-03T16:12:25,4a43bbd,k2-6j-s44,ga,2,6,44,200,200,150,none,1000,0.0004 0.0001 3e-05,20,2.565151,2.766671,1.844447,0.0004:6 0.0001:4 3e-05:0,372.3,129.9,502.2,
20261003-101707,2026-10-03T16:12:50,4a43bbd,k2-8j-s44,ga,2,8,44,200,200,150,none,1000,0.0004 0.0001 3e-05,5,0.631707,1.774144,1.182763,0.0004:2 0.0001:0 3e-05:0,73.0,104.4,177.4,
20261003-101707,2026-10-03T16:18:05,4a43bbd,k2-7j-s44,ga,2,7,44,200,200,150,none,1000,0.0004 0.0001 3e-05,26,2.356242,3.316469,2.21098,0.0004:5 0.0001:3 3e-05:5,217.5,439.8,657.3,
20261003-101707,2026-10-03T16:44:22,4a43bbd,k3-6j-s44,ga,3,6,44,200,200,150,none,1000,0.0004 0.0001 3e-05,18,11.771897,14.12054,1.412054,0.0004:7 0.0001:2 3e-05:0,1108.5,783.4,1892.0,
20261003-101707,2026-10-03T16:47:43,4a43bbd,k3-5j-s44,ga,3,5,44,200,200,150,none,1000,0.0004 0.0001 3e-05,40,13.047243,13.566278,1.356628,0.0004:4 0.0001:11 3e-05:5,793.9,1323.9,2117.8,
20261003-101707,2026-10-03T16:58:36,4a43bbd,k3-7j-s44,ga,3,7,44,200,200,150,none,1000,0.0004 0.0001 3e-05,34,9.244804,9.852922,0.985292,0.0004:16 0.0001:0 3e-05:1,1024.1,1407.5,2431.6,
20261003-101707,2026-10-03T17:00:07,4a43bbd,k3-8j-s44,ga,3,8,44,200,200,150,none,1000,0.0004 0.0001 3e-05,19,8.751874,11.327667,1.132767,0.0004:6 0.0001:2 3e-05:1,858.0,87.1,945.2,
20261003-101707,2026-10-03T17:00:51,4a43bbd,k1-5j-s45,ga,1,5,45,200,200,150,none,1000,0.0004 0.0001 3e-05,38,2.646908,3.395737,1.697868,0.0004:4 0.0001:14 3e-05:1,669.9,118.0,787.9,
20261003-101707,2026-10-03T17:01:32,4a43bbd,k1-6j-s45,ga,1,6,45,200,200,150,none,1000,0.0004 0.0001 3e-05,38,1.843925,2.059644,1.029822,0.0004:16 0.0001:2 3e-05:1,57.2,118.6,175.8,
20261003-101707,2026-10-03T17:01:43,4a43bbd,k1-7j-s45,ga,1,7,45,200,200,150,none,1000,0.0004 0.0001 3e-05,12,1.249094,1.456239,0.72812,0.0004:6 0.0001:0 3e-05:0,52.3,43.0,95.3,
20261003-101707,2026-10-03T17:02:31,4a43bbd,k1-8j-s45,ga,1,8,45,200,200,150,none,1000,0.0004 0.0001 3e-05,8,0.266489,0.606919,0.30346,0.0004:2 0.0001:2 3e-05:0,58.1,42.5,100.6,
20261003-101707,2026-10-03T17:03:19,4a43bbd,k2-6j-s45,ga,2,6,45,200,200,150,none,1000,0.0004 0.0001 3e-05,12,2.916183,3.934168,2.622778,0.0004:2 0.0001:2 3e-05:2,50.7,45.7,96.4,
20261003-101707,2026-10-03T17:03:40,4a43bbd,k2-5j-s45,ga,2,5,45,200,200,150,none,1000,0.0004 0.0001 3e-05,24,3.809265,4.719783,3.146522,0.0004:3 0.0001:7 3e-05:2,50.0,78.2,128.2,
20261003-101707,2026-10-03T17:04:08,4a43bbd,k2-7j-s45,ga,2,7,45,200,200,150,none,1000,0.0004 0.0001 3e-05,16,2.251494,3.414704,2.276469,0.0004:3 0.0001:3 3e-05:2,54.8,42.1,96.9,
20261003-101707,2026-10-03T17:05:04,4a43bbd,k2-8j-s45,ga,2,8,45,200,200,150,none,1000,0.0004 0.0001 3e-05,16,1.085976,1.901653,1.267768,0.0004:2 0.0001:5 3e-05:1,62.4,42.8,105.2,
20261003-101707,2026-10-03T17:06:26,4a43bbd,k3-6j-s45,ga,3,6,45,200,200,150,none,1000,0.0004 0.0001 3e-05,26,10.948017,12.909692,1.290969,0.0004:8 0.0001:5 3e-05:0,56.7,81.0,137.7,
20261003-101707,2026-10-03T17:06:28,4a43bbd,k3-5j-s45,ga,3,5,45,200,200,150,none,1000,0.0004 0.0001 3e-05,36,12.765826,15.002774,1.500277,0.0004:3 0.0001:7 3e-05:8,54.1,113.4,167.5,
20261003-101707,2026-10-03T17:08:00,4a43bbd,k3-7j-s45,ga,3,7,45,200,200,150,none,1000,0.0004 0.0001 3e-05,34,10.015265,12.037991,1.203799,0.0004:9 0.0001:7 3e-05:1,59.4,116.7,176.1,
20261003-101707,2026-10-03T17:08:48,4a43bbd,k3-8j-s45,ga,3,8,45,200,200,150,none,1000,0.0004 0.0001 3e-05,30,9.006912,9.787698,0.97877,0.0004:9 0.0001:1 3e-05:4,57.1,84.6,141.7,
20261003-101707,2026-10-03T17:09:13,4a43bbd,k1-5j-s46,ga,1,5,46,200,200,150,none,1000,0.0004 0.0001 3e-05,36,2.313845,2.471817,1.235908,0.0004:8 0.0001:9 3e-05:1,51.5,114.3,165.9,
20261003-101707,2026-10-03T17:10:03,4a43bbd,k1-6j-s46,ga,1,6,46,200,200,150,none,1000,0.0004 0.0001 3e-05,26,1.827527,1.924778,0.962389,0.0004:6 0.0001:7 3e-05:0,44.2,78.5,122.7,
20261003-101707,2026-10-03T17:10:26,4a43bbd,k1-7j-s46,ga,1,7,46,200,200,150,none,1000,0.0004 0.0001 3e-05,14,0.998761,1.218741,0.60937,0.0004:3 0.0001:3 3e-05:1,55.8,42.3,98.2,
20261003-101707,2026-10-03T17:10:51,4a43bbd,k1-8j-s46,ga,1,8,46,200,200,150,none,1000,0.0004 0.0001 3e-05,4,0.89403,1.007464,0.503732,0.0004:2 0.0001:0 3e-05:0,54.3,42.9,97.3,
20261003-101707,2026-10-03T17:12:05,4a43bbd,k2-6j-s46,ga,2,6,46,200,200,150,none,1000,0.0004 0.0001 3e-05,7,2.655645,3.980004,2.653336,0.0004:1 0.0001:1 3e-05:1,55.0,44.4,99.4,
20261003-101707,2026-10-03T17:12:18,4a43bbd,k2-5j-s46,ga,2,5,46,200,200,150,none,1000,0.0004 0.0001 3e-05,31,4.614475,5.153058,3.435372,0.0004:2 0.0001:10 3e-05:3,54.1,80.7,134.7,
20261003-101707,2026-10-03T17:12:27,4a43bbd,k2-7j-s46,ga,2,7,46,200,200,150,none,1000,0.0004 0.0001 3e-05,16,1.90074,3.018721,2.012481,0.0004:2 0.0001:5 3e-05:1,56.5,39.3,95.8,
20261003-101707,2026-10-03T17:13:46,4a43bbd,k2-8j-s46,ga,2,8,46,200,200,150,none,1000,0.0004 0.0001 3e-05,8,0.555006,1.569986,1.046657,0.0004:1 0.0001:2 3e-05:1,57.0,43.5,100.5,
20261003-101707,2026-10-03T17:15:08,4a43bbd,k3-5j-s46,ga,3,5,46,200,200,150,none,1000,0.0004 0.0001 3e-05,47,13.676404,14.094868,1.409487,0.0004:15 0.0001:7 3e-05:1,55.0,114.9,169.9,
20261003-101707,2026-10-03T17:15:15,4a43bbd,k3-6j-s46,ga,3,6,46,200,200,150,none,1000,0.0004 0.0001 3e-05,34,13.366986,14.53464,1.453464,0.0004:15 0.0001:0 3e-05:2,52.1,116.5,168.6,
20261003-101707,2026-10-03T17:16:07,4a43bbd,k3-7j-s46,ga,3,7,46,200,200,150,none,1000,0.0004 0.0001 3e-05,18,11.164177,13.516046,1.351605,0.0004:6 0.0001:3 3e-05:0,60.9,80.1,141.0,
20261003-101707,2026-10-03T17:16:46,4a43bbd,k3-8j-s46,ga,3,8,46,200,200,150,none,1000,0.0004 0.0001 3e-05,6,7.466532,8.169671,0.816967,0.0004:1 0.0001:1 3e-05:1,55.2,43.5,98.7,
20261003-101707,2026-10-03T17:17:39,4a43bbd,k1-6j-s47,ga,1,6,47,200,200,150,none,1000,0.0004 0.0001 3e-05,8,2.072546,2.439256,1.219628,0.0004:2 0.0001:1 3e-05:1,48.7,43.3,92.1,
20261003-101707,2026-10-03T17:18:04,4a43bbd,k1-5j-s47,ga,1,5,47,200,200,150,none,1000,0.0004 0.0001 3e-05,38,2.056589,2.213251,1.106626,0.0004:19 0.0001:0 3e-05:0,55.2,114.0,169.2,
20261003-101707,2026-10-03T17:18:21,4a43bbd,k1-7j-s47,ga,1,7,47,200,200,150,none,1000,0.0004 0.0001 3e-05,8,0.195744,1.341431,0.670716,0.0004:4 0.0001:0 3e-05:0,52.0,42.5,94.5,
20261003-101707,2026-10-03T17:19:23,4a43bbd,k1-8j-s47,ga,1,8,47,200,200,150,none,1000,0.0004 0.0001 3e-05,4,0.278888,0.745816,0.372908,0.0004:2 0.0001:0 3e-05:0,61.4,43.0,104.4,
20261003-101707,2026-10-03T17:20:16,4a43bbd,k2-5j-s47,ga,2,5,47,200,200,150,none,1000,0.0004 0.0001 3e-05,30,4.877159,5.246971,3.49798,0.0004:0 0.0001:9 3e-05:5,53.0,78.4,131.4,
20261003-101707,2026-10-03T17:20:33,4a43bbd,k2-6j-s47,ga,2,6,47,200,200,150,none,1000,0.0004 0.0001 3e-05,18,2.58959,4.168522,2.779015,0.0004:3 0.0001:5 3e-05:1,52.7,79.3,132.0,
20261003-101707,2026-10-03T17:20:57,4a43bbd,k2-7j-s47,ga,2,7,47,200,200,150,none,1000,0.0004 0.0001 3e-05,14,1.393901,2.694221,1.796148,0.0004:3 0.0001:3 3e-05:1,51.2,42.4,93.6,
20261003-101707,2026-10-03T17:22:23,4a43bbd,k3-6j-s47,ga,3,6,47,200,200,150,none,1000,0.0004 0.0001 3e-05,16,10.902479,11.589863,1.158986,0.0004:2 0.0001:4 3e-05:2,49.9,36.1,86.0,
20261003-101707,2026-10-03T17:22:39,4a43bbd,k2-8j-s47,ga,2,8,47,200,200,150,none,1000,0.0004 0.0001 3e-05,20,0.78086,1.143183,0.762122,0.0004:8 0.0001:1 3e-05:1,59.9,83.7,143.5,
20261003-101707,2026-10-03T17:23:54,4a43bbd,k3-5j-s47,ga,3,5,47,200,200,150,none,1000,0.0004 0.0001 3e-05,49,12.425747,14.616941,1.461694,0.0004:5 0.0001:9 3e-05:10,52.0,149.5,201.5,
20261003-101707,2026-10-03T17:24:39,4a43bbd,k3-7j-s47,ga,3,7,47,200,200,150,none,1000,0.0004 0.0001 3e-05,22,10.677862,11.026659,1.102666,0.0004:10 0.0001:1 3e-05:0,53.0,82.8,135.9,
20261003-101707,2026-10-03T17:24:58,4a43bbd,k3-8j-s47,ga,3,8,47,200,200,150,none,1000,0.0004 0.0001 3e-05,20,7.272592,9.337354,0.933735,0.0004:4 0.0001:2 3e-05:4,54.2,84.0,138.1,
20261003-101707,2026-10-03T17:26:36,4a43bbd,k1-7j-s48,ga,1,7,48,200,200,150,none,1000,0.0004 0.0001 3e-05,12,1.428749,1.740435,0.870218,0.0004:3 0.0001:3 3e-05:0,54.7,44.2,98.9,
20261003-101707,2026-10-03T17:26:56,4a43bbd,k1-6j-s48,ga,1,6,48,200,200,150,none,1000,0.0004 0.0001 3e-05,18,1.798462,2.119862,1.059931,0.0004:9 0.0001:0 3e-05:0,55.8,82.0,137.9,
20261003-101707,2026-10-03T17:27:21,4a43bbd,k1-5j-s48,ga,1,5,48,200,200,150,none,1000,0.0004 0.0001 3e-05,60,2.179488,2.486734,1.243367,0.0004:28 0.0001:1 3e-05:1,54.2,152.1,206.3,
20261003-101707,2026-10-03T17:28:21,4a43bbd,k1-8j-s48,ga,1,8,48,200,200,150,none,1000,0.0004 0.0001 3e-05,8,0.625225,0.947471,0.473736,0.0004:2 0.0001:2 3e-05:0,58.9,45.4,104.3,
20261003-101707,2026-10-03T17:29:18,4a43bbd,k2-6j-s48,ga,2,6,48,200,200,150,none,1000,0.0004 0.0001 3e-05,26,3.133972,4.075361,2.716907,0.0004:2 0.0001:7 3e-05:4,58.1,59.2,117.3,
20261003-101707,2026-10-03T17:29:43,4a43bbd,k2-5j-s48,ga,2,5,48,200,200,150,none,1000,0.0004 0.0001 3e-05,40,4.08094,4.801096,3.200731,0.0004:3 0.0001:11 3e-05:5,52.2,114.7,166.9,
20261003-101707,2026-10-03T17:31:02,4a43bbd,k2-8j-s48,ga,2,8,48,200,200,150,none,1000,0.0004 0.0001 3e-05,8,1.158865,1.955921,1.303947,0.0004:3 0.0001:1 3e-05:0,59.1,45.0,104.1,
20261003-101707,2026-10-03T17:31:16,4a43bbd,k2-7j-s48,ga,2,7,48,200,200,150,none,1000,0.0004 0.0001 3e-05,36,2.765837,3.399656,2.266438,0.0004:5 0.0001:11 3e-05:2,57.2,118.1,175.3,
20261003-101707,2026-10-03T17:32:05,4a43bbd,k3-5j-s48,ga,3,5,48,200,200,150,none,1000,0.0004 0.0001 3e-05,42,12.982786,13.272798,1.32728,0.0004:7 0.0001:5 3e-05:9,56.6,84.7,141.3,
20261003-101707,2026-10-03T17:32:33,4a43bbd,k3-6j-s48,ga,3,6,48,200,200,150,none,1000,0.0004 0.0001 3e-05,14,10.936346,12.880919,1.288092,0.0004:4 0.0001:2 3e-05:1,48.4,42.1,90.4,
20261003-101707,2026-10-03T17:33:30,4a43bbd,k3-7j-s48,ga,3,7,48,200,200,150,none,1000,0.0004 0.0001 3e-05,20,9.143742,11.336733,1.133673,0.0004:5 0.0001:4 3e-05:1,53.7,79.9,133.6,
20261003-101707,2026-10-03T17:33:43,4a43bbd,k3-8j-s48,ga,3,8,48,200,200,150,none,1000,0.0004 0.0001 3e-05,14,8.213893,9.382464,0.938246,0.0004:5 0.0001:2 3e-05:0,55.6,43.3,98.9,
20261003-101707,2026-10-03T17:35:19,4a43bbd,k1-7j-s49,ga,1,7,49,200,200,150,none,1000,0.0004 0.0001 3e-05,14,0.720541,1.224017,0.612008,0.0004:7 0.0001:0 3e-05:0,51.1,44.1,95.2,
20261003-101707,2026-10-03T17:35:39,4a43bbd,k1-6j-s49,ga,1,6,49,200,200,150,none,1000,0.0004 0.0001 3e-05,18,1.477495,1.795461,0.89773,0.0004:9 0.0001:0 3e-05:0,48.3,81.4,129.7,
20261003-101707,2026-10-03T17:36:46,4a43bbd,k1-8j-s49,ga,1,8,49,200,200,150,none,1000,0.0004 0.0001 3e-05,8,0.187494,0.347092,0.173546,0.0004:1 0.0001:1 3e-05:2,59.1,27.8,86.9,
20261003-101707,2026-10-03T17:37:10,4a43bbd,k1-5j-s49,ga,1,5,49,200,200,150,none,1000,0.0004 0.0001 3e-05,94,2.287848,2.457997,1.228998,0.0004:30 0.0001:16 3e-05:1,56.0,221.9,277.8,
20261003-101707,2026-10-03T17:38:26,4a43bbd,k2-5j-s49,ga,2,5,49,200,200,150,none,1000,0.0004 0.0001 3e-05,32,5.039956,5.405665,3.603777,0.0004:1 0.0001:7 3e-05:7,53.1,113.7,166.8,
20261003-101707,2026-10-03T17:38:40,4a43bbd,k2-6j-s49,ga,2,6,49,200,200,150,none,1000,0.0004 0.0001 3e-05,21,3.359982,4.304795,2.869863,0.0004:0 0.0001:7 3e-05:3,51.0,63.7,114.7,
20261003-101707,2026-10-03T17:38:46,4a43bbd,k2-7j-s49,ga,2,7,49,200,200,150,none,1000,0.0004 0.0001 3e-05,13,2.247553,2.882861,1.921908,0.0004:3 0.0001:2 3e-05:1,52.2,43.5,95.7,
20261003-101707,2026-10-03T17:40:05,4a43bbd,k2-8j-s49,ga,2,8,49,200,200,150,none,1000,0.0004 0.0001 3e-05,8,0.39125,1.475591,0.983728,0.0004:4 0.0001:0 3e-05:0,57.6,41.6,99.1,
20261003-101707,2026-10-03T17:41:23,4a43bbd,k3-5j-s49,ga,3,5,49,200,200,150,none,1000,0.0004 0.0001 3e-05,43,13.183274,14.770955,1.477095,0.0004:10 0.0001:6 3e-05:5,48.2,114.2,162.4,
20261003-101707,2026-10-03T17:42:30,4a43bbd,k3-7j-s49,ga,3,7,49,200,200,150,none,1000,0.0004 0.0001 3e-05,20,10.48001,12.383011,1.238301,0.0004:5 0.0001:4 3e-05:1,61.7,82.6,144.3,
20261003-101707,2026-10-03T17:43:02,4a43bbd,k3-8j-s49,ga,3,8,49,200,200,150,none,1000,0.0004 0.0001 3e-05,10,8.882585,10.207462,1.020746,0.0004:2 0.0001:3 3e-05:0,56.5,42.9,99.3,
20261003-101707,2026-10-03T17:43:14,4a43bbd,k3-6j-s49,ga,3,6,49,200,200,150,none,1000,0.0004 0.0001 3e-05,82,9.882477,11.550074,1.155007,0.0004:32 0.0001:6 3e-05:3,50.5,217.5,268.0,
20261003-181635,2026-10-03T18:18:55,4b61271,k1-5j-s50-gen150-steps1000,ga,1,5,50,200,200,150,none,1000,0.0004 0.0001 3e-05,21,2.538471,3.037046,1.518523,0.0004:2 0.0001:8 3e-05:0,54.6,84.4,139.1,
20261003-181635,2026-10-03T18:21:32,4b61271,k1-5j-s50-gen300-steps1000,ga,1,5,50,200,200,300,none,1000,0.0004 0.0001 3e-05,74,3.177073,3.366368,1.683184,0.0004:17 0.0001:17 3e-05:3,108.7,187.6,296.2,
20261003-181635,2026-10-03T18:21:36,4b61271,k1-5j-s50-gen150-steps3000,ga,1,5,50,200,200,150,none,3000,0.0004 0.0001 3e-05,21,2.538471,3.291121,1.645561,0.0004:3 0.0001:7 3e-05:0,55.0,245.0,300.0,
20261003-182205,2026-10-03T18:23:24,4b61271,k1-5j-s50-gen150-steps250,ga,1,5,50,200,200,150,none,250,0.0004 0.0001 3e-05,21,2.538471,2.98437,1.492185,0.0004:3 0.0001:7 3e-05:0,54.3,23.6,77.9,
20261003-182205,2026-10-03T18:24:24,4b61271,k1-5j-s50-gen150-steps1000,ga,1,5,50,200,200,150,none,1000,0.0004 0.0001 3e-05,21,2.538471,3.037046,1.518523,0.0004:2 0.0001:8 3e-05:0,54.9,82.9,137.8,
20261003-182205,2026-10-03T18:25:59,4b61271,k1-5j-s50-gen300-steps250,ga,1,5,50,200,200,300,none,250,0.0004 0.0001 3e-05,74,3.177073,3.280082,1.640041,0.0004:10 0.0001:24 3e-05:3,105.3,50.1,155.4,
20261003-182205,2026-10-03T18:27:02,4b61271,k1-5j-s50-gen150-steps3000,ga,1,5,50,200,200,150,none,3000,0.0004 0.0001 3e-05,21,2.538471,3.291121,1.645561,0.0004:3 0.0001:7 3e-05:0,54.6,241.2,295.7,
20261003-182205,2026-10-03T18:28:18,4b61271,k1-6j-s50-gen150-steps250,ga,1,6,50,200,200,150,none,250,0.0004 0.0001 3e-05,32,1.858589,1.998678,0.999339,0.0004:16 0.0001:0 3e-05:0,56.0,20.5,76.5,
20261003-182205,2026-10-03T18:29:19,4b61271,k1-5j-s50-gen300-steps1000,ga,1,5,50,200,200,300,none,1000,0.0004 0.0001 3e-05,74,3.177073,3.366368,1.683184,0.0004:17 0.0001:17 3e-05:3,106.8,189.0,295.8,
20261003-182205,2026-10-03T18:30:37,4b61271,k1-6j-s50-gen150-steps1000,ga,1,6,50,200,200,150,none,1000,0.0004 0.0001 3e-05,32,1.858589,2.030206,1.015103,0.0004:14 0.0001:2 3e-05:0,55.9,82.4,138.4,
20261003-182205,2026-10-03T18:33:32,4b61271,k1-6j-s50-gen300-steps250,ga,1,6,50,200,200,300,none,250,0.0004 0.0001 3e-05,62,2.20628,2.386669,1.193334,0.0004:30 0.0001:1 3e-05:0,131.0,44.6,175.6,
20261003-182205,2026-10-03T18:34:24,4b61271,k1-6j-s50-gen150-steps3000,ga,1,6,50,200,200,150,none,3000,0.0004 0.0001 3e-05,32,1.858589,2.22206,1.11103,0.0004:14 0.0001:2 3e-05:0,58.0,246.2,304.2,
20261003-182205,2026-10-03T18:37:02,4b61271,k1-5j-s50-gen300-steps3000,ga,1,5,50,200,200,300,none,3000,0.0004 0.0001 3e-05,74,3.177073,3.471692,1.735846,0.0004:8 0.0001:18 3e-05:11,106.3,557.0,663.3,
20261003-182205,2026-10-03T18:38:10,4b61271,k2-5j-s50-gen150-steps250,ga,2,5,50,200,200,150,none,250,0.0004 0.0001 3e-05,20,4.479077,4.756079,3.170719,0.0004:5 0.0001:3 3e-05:2,48.0,19.3,67.3,
20261003-182205,2026-10-03T18:38:13,4b61271,k1-6j-s50-gen300-steps1000,ga,1,6,50,200,200,300,none,1000,0.0004 0.0001 3e-05,62,2.20628,2.475791,1.237895,0.0004:30 0.0001:1 3e-05:0,128.5,152.5,281.0,
20261003-182205,2026-10-03T18:39:57,4b61271,k2-5j-s50-gen150-steps1000,ga,2,5,50,200,200,150,none,1000,0.0004 0.0001 3e-05,20,4.479077,4.875776,3.250517,0.0004:1 0.0001:6 3e-05:3,47.2,60.2,107.4,
20261003-182205,2026-10-03T18:41:50,4b61271,k2-5j-s50-gen150-steps3000,ga,2,5,50,200,200,150,none,3000,0.0004 0.0001 3e-05,20,4.479077,4.885175,3.256783,0.0004:1 0.0001:4 3e-05:5,47.5,169.2,216.6,
20261003-182205,2026-10-03T18:42:07,4b61271,k2-5j-s50-gen300-steps250,ga,2,5,50,200,200,300,none,250,0.0004 0.0001 3e-05,59,5.009706,5.414293,3.609529,0.0004:1 0.0001:6 3e-05:21,99.5,30.4,129.8,
20261003-182205,2026-10-03T18:44:15,4b61271,k1-6j-s50-gen300-steps3000,ga,1,6,50,200,200,300,none,3000,0.0004 0.0001 3e-05,62,2.20628,2.563842,1.281921,0.0004:28 0.0001:2 3e-05:1,127.8,463.5,591.3,
20261003-182205,2026-10-03T18:45:12,4b61271,k2-5j-s50-gen300-steps1000,ga,2,5,50,200,200,300,none,1000,0.0004 0.0001 3e-05,59,5.009706,5.422835,3.615224,0.0004:1 0.0001:5 3e-05:22,101.1,101.2,202.4,
20261003-182205,2026-10-03T18:45:30,4b61271,k2-6j-s50-gen150-steps250,ga,2,6,50,200,200,150,none,250,0.0004 0.0001 3e-05,12,3.215442,4.095088,2.730059,0.0004:3 0.0001:1 3e-05:2,60.3,14.8,75.0,
20261003-182205,2026-10-03T18:46:58,4b61271,k2-6j-s50-gen150-steps1000,ga,2,6,50,200,200,150,none,1000,0.0004 0.0001 3e-05,12,3.215442,4.176374,2.78425,0.0004:2 0.0001:1 3e-05:3,59.5,46.2,105.7,
20261003-182205,2026-10-03T18:48:36,4b61271,k2-6j-s50-gen150-steps3000,ga,2,6,50,200,200,150,none,3000,0.0004 0.0001 3e-05,12,3.215442,4.201732,2.801155,0.0004:2 0.0001:0 3e-05:4,59.6,126.7,186.2,
20261003-182205,2026-10-03T18:48:44,4b61271,k2-5j-s50-gen300-steps3000,ga,2,5,50,200,200,300,none,3000,0.0004 0.0001 3e-05,59,5.009706,5.467472,3.644982,0.0004:1 0.0001:4 3e-05:23,100.7,296.2,397.0,
20261003-182205,2026-10-03T18:49:34,4b61271,k2-6j-s50-gen300-steps250,ga,2,6,50,200,200,300,none,250,0.0004 0.0001 3e-05,57,4.608281,4.926893,3.284595,0.0004:0 0.0001:8 3e-05:19,129.7,26.3,156.0,
20261003-182205,2026-10-03T18:50:43,4b61271,k3-5j-s50-gen150-steps250,ga,3,5,50,200,200,150,none,250,0.0004 0.0001 3e-05,22,14.068312,14.692195,1.469219,0.0004:0 0.0001:8 3e-05:3,50.8,18.8,69.6,
20261003-182205,2026-10-03T18:52:26,4b61271,k2-6j-s50-gen300-steps1000,ga,2,6,50,200,200,300,none,1000,0.0004 0.0001 3e-05,57,4.608281,4.941394,3.294263,0.0004:0 0.0001:7 3e-05:20,127.4,102.7,230.1,
20261003-182205,2026-10-03T18:52:55,4b61271,k3-5j-s50-gen150-steps1000,ga,3,5,50,200,200,150,none,1000,0.0004 0.0001 3e-05,22,14.068312,15.00636,1.500636,0.0004:0 0.0001:7 3e-05:4,52.4,79.3,131.7,
20261003-182205,2026-10-03T18:55:55,4b61271,k2-6j-s50-gen300-steps3000,ga,2,6,50,200,200,300,none,3000,0.0004 0.0001 3e-05,57,4.608281,4.960586,3.307058,0.0004:0 0.0001:13 3e-05:14,126.4,304.6,430.9,
20261003-182205,2026-10-03T18:56:00,4b61271,k3-5j-s50-gen300-steps250,ga,3,5,50,200,200,300,none,250,0.0004 0.0001 3e-05,120,14.575654,15.0712,1.50712,0.0004:3 0.0001:42 3e-05:13,107.2,77.5,184.7,
20261003-182205,2026-10-03T18:57:15,4b61271,k3-5j-s50-gen150-steps3000,ga,3,5,50,200,200,150,none,3000,0.0004 0.0001 3e-05,22,14.068312,15.392138,1.539214,0.0004:1 0.0001:4 3e-05:6,52.4,236.1,288.5,
20261003-182205,2026-10-03T18:58:30,4b61271,k3-6j-s50-gen150-steps250,ga,3,6,50,200,200,150,none,250,0.0004 0.0001 3e-05,24,11.758857,13.052548,1.305255,0.0004:8 0.0001:2 3e-05:2,54.1,20.8,74.9,
20261003-182205,2026-10-03T19:00:49,4b61271,k3-6j-s50-gen150-steps1000,ga,3,6,50,200,200,150,none,1000,0.0004 0.0001 3e-05,24,11.758857,13.32388,1.332388,0.0004:8 0.0001:1 3e-05:3,56.3,82.4,138.7,
20261003-182205,2026-10-03T19:02:36,4b61271,k3-5j-s50-gen300-steps1000,ga,3,5,50,200,200,300,none,1000,0.0004 0.0001 3e-05,119,14.575654,15.265589,1.526559,0.0004:1 0.0001:41 3e-05:15,105.0,296.1,401.1,
20261003-182205,2026-10-03T19:05:08,4b61271,k3-6j-s50-gen300-steps250,ga,3,6,50,200,200,300,none,250,0.0004 0.0001 3e-05,44,13.052518,13.285499,1.32855,0.0004:1 0.0001:7 3e-05:13,118.7,33.2,151.9,
20261003-182205,2026-10-03T19:05:47,4b61271,k3-6j-s50-gen150-steps3000,ga,3,6,50,200,200,150,none,3000,0.0004 0.0001 3e-05,24,11.758857,13.477067,1.347707,0.0004:6 0.0001:3 3e-05:3,55.5,242.9,298.4,
20261003-182205,2026-10-03T19:08:48,4b61271,k3-6j-s50-gen300-steps1000,ga,3,6,50,200,200,300,none,1000,0.0004 0.0001 3e-05,44,13.052518,13.305982,1.330598,0.0004:1 0.0001:6 3e-05:14,116.8,102.8,219.7,
20261003-182205,2026-10-03T19:10:09,4b61271,k1-5j-s51-gen150-steps250,ga,1,5,51,200,200,150,none,250,0.0004 0.0001 3e-05,42,3.213045,3.399964,1.699982,0.0004:9 0.0001:12 3e-05:0,52.6,28.9,81.5,
20261003-182205,2026-10-03T19:12:06,4b61271,k3-6j-s50-gen300-steps3000,ga,3,6,50,200,200,300,none,3000,0.0004 0.0001 3e-05,44,13.052518,13.351047,1.335105,0.0004:0 0.0001:2 3e-05:19,117.0,261.8,378.8,
20261003-182205,2026-10-03T19:12:14,4b61271,k3-5j-s50-gen300-steps3000,ga,3,5,50,200,200,300,none,3000,0.0004 0.0001 3e-05,119,14.575654,15.590603,1.55906,0.0004:12 0.0001:24 3e-05:21,105.5,868.3,973.8,
20261003-182205,2026-10-03T19:12:54,4b61271,k1-5j-s51-gen150-steps1000,ga,1,5,51,200,200,150,none,1000,0.0004 0.0001 3e-05,42,3.213045,3.520092,1.760046,0.0004:13 0.0001:8 3e-05:0,52.1,113.3,165.3,
20261003-182205,2026-10-03T19:15:01,4b61271,k1-5j-s51-gen300-steps250,ga,1,5,51,200,200,300,none,250,0.0004 0.0001 3e-05,96,3.520455,3.592795,1.796397,0.0004:22 0.0001:20 3e-05:6,108.5,59.3,167.8,
20261003-182205,2026-10-03T19:18:24,4b61271,k1-5j-s51-gen300-steps1000,ga,1,5,51,200,200,300,none,1000,0.0004 0.0001 3e-05,96,3.520455,3.735799,1.8679,0.0004:22 0.0001:19 3e-05:7,109.5,220.4,329.9,
20261003-182205,2026-10-03T19:18:38,4b61271,k1-5j-s51-gen150-steps3000,ga,1,5,51,200,200,150,none,3000,0.0004 0.0001 3e-05,42,3.213045,3.790073,1.895036,0.0004:9 0.0001:12 3e-05:0,51.6,340.3,391.9,
20261003-182205,2026-10-03T19:19:38,4b61271,k1-6j-s51-gen150-steps250,ga,1,6,51,200,200,150,none,250,0.0004 0.0001 3e-05,22,1.544978,1.652049,0.826024,0.0004:3 0.0001:8 3e-05:0,54.1,19.6,73.7,
20261003-182205,2026-10-03T19:20:53,4b61271,k1-6j-s51-gen150-steps1000,ga,1,6,51,200,200,150,none,1000,0.0004 0.0001 3e-05,22,1.544978,1.711731,0.855865,0.0004:2 0.0001:9 3e-05:0,54.6,80.5,135.1,
20261003-182205,2026-10-03T19:23:24,4b61271,k1-6j-s51-gen300-steps250,ga,1,6,51,200,200,300,none,250,0.0004 0.0001 3e-05,67,2.123938,2.150043,1.075021,0.0004:0 0.0001:33 3e-05:0,119.8,31.9,151.7,
20261003-182205,2026-10-03T19:24:21,4b61271,k1-6j-s51-gen150-steps3000,ga,1,6,51,200,200,150,none,3000,0.0004 0.0001 3e-05,22,1.544978,1.739297,0.869648,0.0004:2 0.0001:9 3e-05:0,54.5,228.6,283.2,
20261003-182205,2026-10-03T19:26:28,4b61271,k1-5j-s51-gen300-steps3000,ga,1,5,51,200,200,300,none,3000,0.0004 0.0001 3e-05,96,3.520455,3.808208,1.904104,0.0004:22 0.0001:19 3e-05:7,110.8,575.6,686.3,
20261003-182205,2026-10-03T19:27:27,4b61271,k1-6j-s51-gen300-steps1000,ga,1,6,51,200,200,300,none,1000,0.0004 0.0001 3e-05,67,2.123938,2.161868,1.080934,0.0004:0 0.0001:33 3e-05:0,119.7,122.9,242.6,
20261003-182205,2026-10-03T19:27:28,4b61271,k2-5j-s51-gen150-steps250,ga,2,5,51,200,200,150,none,250,0.0004 0.0001 3e-05,13,3.707063,4.173644,2.782429,0.0004:2 0.0001:1 3e-05:2,51.9,8.7,60.7,
20261003-182205,2026-10-03T19:28:42,4b61271,k2-5j-s51-gen150-steps1000,ga,2,5,51,200,200,150,none,1000,0.0004 0.0001 3e-05,13,3.707063,4.230371,2.820247,0.0004:0 0.0001:2 3e-05:3,51.2,24.0,75.2,
20261003-182205,2026-10-03T19:28:53,4b61271,k2-5j-s51-gen150-steps3000,ga,2,5,51,200,200,150,none,3000,0.0004 0.0001 3e-05,13,3.707063,4.230371,2.820247,0.0004:0 0.0001:2 3e-05:3,51.0,33.8,84.8,
20261003-182205,2026-10-03T19:30:31,4b61271,k2-5j-s51-gen300-steps250,ga,2,5,51,200,200,300,none,250,0.0004 0.0001 3e-05,31,4.316867,4.321994,2.881329,0.0004:0 0.0001:1 3e-05:6,107.5,1.0,108.5,
20261003-182205,2026-10-03T19:30:49,4b61271,k2-5j-s51-gen300-steps1000,ga,2,5,51,200,200,300,none,1000,0.0004 0.0001 3e-05,31,4.316867,4.321994,2.881329,0.0004:0 0.0001:1 3e-05:6,111.1,4.6,115.7,
20261003-182205,2026-10-03T19:31:49,4b61271,k2-6j-s51-gen150-steps250,ga,2,6,51,200,200,150,none,250,0.0004 0.0001 3e-05,15,3.486645,4.226189,2.817459,0.0004:4 0.0001:2 3e-05:1,49.3,10.7,60.0,
20261003-182205,2026-10-03T19:32:22,4b61271,k2-5j-s51-gen300-steps3000,ga,2,5,51,200,200,300,none,3000,0.0004 0.0001 3e-05,31,4.316867,4.321994,2.881329,0.0004:0 0.0001:1 3e-05:6,110.6,0.4,111.1,
20261003-182205,2026-10-03T19:32:28,4b61271,k1-6j-s51-gen300-steps3000,ga,1,6,51,200,200,300,none,3000,0.0004 0.0001 3e-05,67,2.123938,2.215452,1.107726,0.0004:0 0.0001:33 3e-05:0,118.1,369.0,487.1,
20261003-182205,2026-10-03T19:33:18,4b61271,k2-6j-s51-gen150-steps1000,ga,2,6,51,200,200,150,none,1000,0.0004 0.0001 3e-05,15,3.486645,4.367601,2.911734,0.0004:3 0.0001:3 3e-05:1,48.7,40.7,89.4,
20261003-182205,2026-10-03T19:34:43,4b61271,k2-6j-s51-gen300-steps250,ga,2,6,51,200,200,300,none,250,0.0004 0.0001 3e-05,76,4.842511,5.137422,3.424948,0.0004:0 0.0001:20 3e-05:17,102.7,32.4,135.1,
20261003-182205,2026-10-03T19:35:14,4b61271,k2-6j-s51-gen150-steps3000,ga,2,6,51,200,200,150,none,3000,0.0004 0.0001 3e-05,15,3.486645,4.482907,2.988604,0.0004:2 0.0001:2 3e-05:3,48.6,123.6,172.2,
20261003-182205,2026-10-03T19:36:35,4b61271,k3-5j-s51-gen150-steps250,ga,3,5,51,200,200,150,none,250,0.0004 0.0001 3e-05,34,13.503814,15.26428,1.526428,0.0004:9 0.0001:5 3e-05:3,52.6,28.2,80.9,
20261003-182205,2026-10-03T19:37:09,4b61271,k2-6j-s51-gen300-steps1000,ga,2,6,51,200,200,300,none,1000,0.0004 0.0001 3e-05,76,4.842511,5.284181,3.522787,0.0004:0 0.0001:19 3e-05:18,104.0,126.6,230.6,
20261003-182205,2026-10-03T19:39:22,4b61271,k3-5j-s51-gen150-steps1000,ga,3,5,51,200,200,150,none,1000,0.0004 0.0001 3e-05,34,13.503814,15.292307,1.529231,0.0004:8 0.0001:5 3e-05:4,53.5,113.8,167.3,
20261003-182205,2026-10-03T19:42:32,4b61271,k3-5j-s51-gen300-steps250,ga,3,5,51,200,200,300,none,250,0.0004 0.0001 3e-05,128,15.024986,15.452871,1.545287,0.0004:10 0.0001:19 3e-05:33,103.7,85.9,189.6,
20261003-182205,2026-10-03T19:42:40,4b61271,k2-6j-s51-gen300-steps3000,ga,2,6,51,200,200,300,none,3000,0.0004 0.0001 3e-05,76,4.842511,5.353258,3.568839,0.0004:0 0.0001:2 3e-05:35,103.8,372.9,476.6,
20261003-182205,2026-10-03T19:43:44,4b61271,k3-5j-s51-gen150-steps3000,ga,3,5,51,200,200,150,none,3000,0.0004 0.0001 3e-05,34,13.503814,15.321273,1.532127,0.0004:7 0.0001:5 3e-05:5,53.0,341.9,394.9,
20261003-182205,2026-10-03T19:44:59,4b61271,k3-6j-s51-gen150-steps250,ga,3,6,51,200,200,150,none,250,0.0004 0.0001 3e-05,22,12.319048,13.504722,1.350472,0.0004:6 0.0001:4 3e-05:1,53.3,21.8,75.1,
20261003-182205,2026-10-03T19:47:15,4b61271,k3-6j-s51-gen150-steps1000,ga,3,6,51,200,200,150,none,1000,0.0004 0.0001 3e-05,22,12.319048,13.721938,1.372194,0.0004:4 0.0001:4 3e-05:3,54.1,82.3,136.4,
20261003-182205,2026-10-03T19:49:37,4b61271,k3-5j-s51-gen300-steps1000,ga,3,5,51,200,200,300,none,1000,0.0004 0.0001 3e-05,128,15.024986,15.521863,1.552186,0.0004:10 0.0001:14 3e-05:38,101.4,323.7,425.1,
20261003-182205,2026-10-03T19:52:05,4b61271,k3-6j-s51-gen300-steps250,ga,3,6,51,200,200,300,none,250,0.0004 0.0001 3e-05,40,13.870078,14.388974,1.438897,0.0004:6 0.0001:5 3e-05:9,119.1,29.3,148.4,
20261003-182205,2026-10-03T19:52:12,4b61271,k3-6j-s51-gen150-steps3000,ga,3,6,51,200,200,150,none,3000,0.0004 0.0001 3e-05,22,12.319048,13.838447,1.383845,0.0004:4 0.0001:4 3e-05:3,53.8,242.7,296.5,
20261003-182205,2026-10-03T19:56:01,4b61271,k3-6j-s51-gen300-steps1000,ga,3,6,51,200,200,300,none,1000,0.0004 0.0001 3e-05,40,13.870078,14.414799,1.44148,0.0004:6 0.0001:3 3e-05:11,117.1,118.2,235.3,
20261003-182205,2026-10-03T19:57:22,4b61271,k1-5j-s52-gen150-steps250,ga,1,5,52,200,200,150,none,250,0.0004 0.0001 3e-05,37,1.8957,2.565649,1.282825,0.0004:10 0.0001:7 3e-05:1,52.1,29.0,81.1,
20261003-182205,2026-10-03T19:59:05,4b61271,k3-6j-s51-gen300-steps3000,ga,3,6,51,200,200,300,none,3000,0.0004 0.0001 3e-05,40,13.870078,14.514952,1.451495,0.0004:3 0.0001:5 3e-05:12,116.6,297.0,413.7,
20261003-182205,2026-10-03T20:00:10,4b61271,k1-5j-s52-gen150-steps1000,ga,1,5,52,200,200,150,none,1000,0.0004 0.0001 3e-05,37,1.8957,2.698511,1.349255,0.0004:9 0.0001:8 3e-05:1,52.4,115.7,168.2,
20261003-182205,2026-10-03T20:00:28,4b61271,k3-5j-s51-gen300-steps3000,ga,3,5,51,200,200,300,none,3000,0.0004 0.0001 3e-05,128,15.024986,15.569133,1.556913,0.0004:10 0.0001:14 3e-05:38,100.9,967.2,1068.1,
20261003-182205,2026-10-03T20:02:57,4b61271,k1-5j-s52-gen300-steps250,ga,1,5,52,200,200,300,none,250,0.0004 0.0001 3e-05,89,2.210173,2.241905,1.120953,0.0004:8 0.0001:28 3e-05:6,108.2,58.9,167.0,
20261003-182205,2026-10-03T20:05:42,4b61271,k1-5j-s52-gen150-steps3000,ga,1,5,52,200,200,150,none,3000,0.0004 0.0001 3e-05,37,1.8957,2.716831,1.358415,0.0004:11 0.0001:6 3e-05:1,52.7,343.7,396.4,
20261003-182205,2026-10-03T20:05:53,4b61271,k1-5j-s52-gen300-steps1000,ga,1,5,52,200,200,300,none,1000,0.0004 0.0001 3e-05,89,2.210173,2.296705,1.148352,0.0004:9 0.0001:24 3e-05:9,107.0,217.5,324.5,
20261003-182205,2026-10-03T20:07:00,4b61271,k1-6j-s52-gen150-steps250,ga,1,6,52,200,200,150,none,250,0.0004 0.0001 3e-05,24,1.442669,1.673984,0.836992,0.0004:10 0.0001:2 3e-05:0,58.5,20.2,78.7,
20261003-182205,2026-10-03T20:08:07,4b61271,k1-6j-s52-gen150-steps1000,ga,1,6,52,200,200,150,none,1000,0.0004 0.0001 3e-05,24,1.442669,1.7656,0.8828,0.0004:9 0.0001:3 3e-05:0,58.0,75.9,134.0,
20261003-182205,2026-10-03T20:10:38,4b61271,k1-6j-s52-gen300-steps250,ga,1,6,52,200,200,300,none,250,0.0004 0.0001 3e-05,44,3.022074,3.226902,1.613451,0.0004:9 0.0001:13 3e-05:0,121.6,30.3,151.9,
20261003-182205,2026-10-03T20:12:00,4b61271,k1-6j-s52-gen150-steps3000,ga,1,6,52,200,200,150,none,3000,0.0004 0.0001 3e-05,24,1.442669,1.778468,0.889234,0.0004:7 0.0001:4 3e-05:1,59.1,240.4,299.5,
20261003-182205,2026-10-03T20:14:34,4b61271,k1-6j-s52-gen300-steps1000,ga,1,6,52,200,200,300,none,1000,0.0004 0.0001 3e-05,44,3.022074,3.281265,1.640633,0.0004:7 0.0001:15 3e-05:0,121.1,114.6,235.7,
20261003-182205,2026-10-03T20:15:31,4b61271,k1-5j-s52-gen300-steps3000,ga,1,5,52,200,200,300,none,3000,0.0004 0.0001 3e-05,89,2.210173,2.412878,1.206439,0.0004:8 0.0001:19 3e-05:15,109.3,644.7,754.0,
20261003-182205,2026-10-03T20:15:46,4b61271,k2-5j-s52-gen150-steps250,ga,2,5,52,200,200,150,none,250,0.0004 0.0001 3e-05,26,4.280686,4.538385,3.02559,0.0004:5 0.0001:8 3e-05:0,52.5,19.2,71.7,
20261003-182205,2026-10-03T20:17:42,4b61271,k2-5j-s52-gen150-steps1000,ga,2,5,52,200,200,150,none,1000,0.0004 0.0001 3e-05,26,4.280686,4.678471,3.118981,0.0004:4 0.0001:7 3e-05:2,51.5,79.1,130.6,
20261003-182205,2026-10-03T20:19:47,4b61271,k1-6j-s52-gen300-steps3000,ga,1,6,52,200,200,300,none,3000,0.0004 0.0001 3e-05,44,3.022074,3.376461,1.68823,0.0004:5 0.0001:15 3e-05:2,121.2,345.7,466.8,
20261003-182205,2026-10-03T20:20:07,4b61271,k2-5j-s52-gen300-steps250,ga,2,5,52,200,200,300,none,250,0.0004 0.0001 3e-05,49,4.864752,5.015338,3.343559,0.0004:7 0.0001:13 3e-05:3,107.5,37.9,145.4,
20261003-182205,2026-10-03T20:20:21,4b61271,k2-5j-s52-gen150-steps3000,ga,2,5,52,200,200,150,none,3000,0.0004 0.0001 3e-05,26,4.280686,4.684939,3.123293,0.0004:2 0.0001:8 3e-05:3,50.9,224.7,275.6,
20261003-182205,2026-10-03T20:21:22,4b61271,k2-6j-s52-gen150-steps250,ga,2,6,52,200,200,150,none,250,0.0004 0.0001 3e-05,28,1.869374,2.6396,1.759733,0.0004:12 0.0001:1 3e-05:1,42.2,18.3,60.5,
20261003-182205,2026-10-03T20:23:17,4b61271,k2-6j-s52-gen150-steps1000,ga,2,6,52,200,200,150,none,1000,0.0004 0.0001 3e-05,28,1.869374,2.82169,1.881127,0.0004:7 0.0001:3 3e-05:4,42.7,72.5,115.3,
20261003-182205,2026-10-03T20:24:04,4b61271,k2-5j-s52-gen300-steps1000,ga,2,5,52,200,200,300,none,1000,0.0004 0.0001 3e-05,49,4.864752,5.064339,3.376226,0.0004:5 0.0001:13 3e-05:5,105.9,151.2,257.1,
20261003-182205,2026-10-03T20:26:04,4b61271,k2-6j-s52-gen300-steps250,ga,2,6,52,200,200,300,none,250,0.0004 0.0001 3e-05,29,3.885239,4.245982,2.830655,0.0004:0 0.0001:4 3e-05:10,109.4,11.2,120.6,
20261003-182205,2026-10-03T20:26:53,4b61271,k2-6j-s52-gen150-steps3000,ga,2,6,52,200,200,150,none,3000,0.0004 0.0001 3e-05,28,1.869374,3.104586,2.069724,0.0004:2 0.0001:5 3e-05:7,43.9,171.5,215.4,
20261003-182205,2026-10-03T20:28:10,4b61271,k2-6j-s52-gen300-steps1000,ga,2,6,52,200,200,300,none,1000,0.0004 0.0001 3e-05,29,3.885239,4.30172,2.867814,0.0004:0 0.0001:3 3e-05:11,108.5,16.7,125.1,
20261003-182205,2026-10-03T20:28:56,4b61271,k2-6j-s52-gen300-steps3000,ga,2,6,52,200,200,300,none,3000,0.0004 0.0001 3e-05,29,3.885239,4.30172,2.867814,0.0004:0 0.0001:3 3e-05:11,107.2,16.1,123.3,
20261003-182205,2026-10-03T20:29:16,4b61271,k2-5j-s52-gen300-steps3000,ga,2,5,52,200,200,300,none,3000,0.0004 0.0001 3e-05,49,4.864752,5.07907,3.386047,0.0004:3 0.0001:14 3e-05:6,105.8,443.6,549.4,
20261003-182205,2026-10-03T20:29:26,4b61271,k3-5j-s52-gen150-steps250,ga,3,5,52,200,200,150,none,250,0.0004 0.0001 3e-05,36,12.230883,12.954182,1.295418,0.0004:7 0.0001:11 3e-05:0,48.4,28.2,76.6,
20261003-182205,2026-10-03T20:31:38,4b61271,k3-5j-s52-gen150-steps1000,ga,3,5,52,200,200,150,none,1000,0.0004 0.0001 3e-05,36,12.230883,12.991629,1.299163,0.0004:5 0.0001:4 3e-05:9,48.3,113.8,162.0,
20261003-182205,2026-10-03T20:31:46,4b61271,k3-5j-s52-gen300-steps250,ga,3,5,52,200,200,300,none,250,0.0004 0.0001 3e-05,72,13.074642,13.247244,1.324724,0.0004:16 0.0001:10 3e-05:10,92.1,47.7,139.8,
20261003-182205,2026-10-03T20:35:46,4b61271,k3-5j-s52-gen150-steps3000,ga,3,5,52,200,200,150,none,3000,0.0004 0.0001 3e-05,36,12.230883,13.006698,1.30067,0.0004:5 0.0001:2 3e-05:11,48.4,341.7,390.1,
20261003-182205,2026-10-03T20:36:15,4b61271,k3-5j-s52-gen300-steps1000,ga,3,5,52,200,200,300,none,1000,0.0004 0.0001 3e-05,72,13.074642,13.444557,1.344456,0.0004:14 0.0001:9 3e-05:13,91.7,185.6,277.3,
20261003-182205,2026-10-03T20:36:58,4b61271,k3-6j-s52-gen150-steps250,ga,3,6,52,200,200,150,none,250,0.0004 0.0001 3e-05,24,11.25698,12.09159,1.209159,0.0004:10 0.0001:1 3e-05:1,51.6,20.2,71.8,
20261003-182205,2026-10-03T20:38:22,4b61271,k3-6j-s52-gen150-steps1000,ga,3,6,52,200,200,150,none,1000,0.0004 0.0001 3e-05,24,11.25698,12.097271,1.209727,0.0004:10 0.0001:1 3e-05:1,51.5,75.5,127.0,
20261003-182205,2026-10-03T20:40:46,4b61271,k3-6j-s52-gen300-steps250,ga,3,6,52,200,200,300,none,250,0.0004 0.0001 3e-05,41,14.468903,15.044167,1.504417,0.0004:12 0.0001:4 3e-05:4,114.8,28.5,143.4,
20261003-182205,2026-10-03T20:41:47,4b61271,k3-6j-s52-gen150-steps3000,ga,3,6,52,200,200,150,none,3000,0.0004 0.0001 3e-05,24,11.25698,12.255245,1.225525,0.0004:10 0.0001:1 3e-05:1,52.0,237.0,289.1,
20261003-182205,2026-10-03T20:42:28,4b61271,k3-5j-s52-gen300-steps3000,ga,3,5,52,200,200,300,none,3000,0.0004 0.0001 3e-05,72,13.074642,13.44456,1.344456,0.0004:15 0.0001:9 3e-05:12,91.7,549.9,641.6,
20261003-182205,2026-10-03T20:43:58,4b61271,k1-5j-s53-gen150-steps250,ga,1,5,53,200,200,150,none,250,0.0004 0.0001 3e-05,60,2.199678,2.510093,1.255047,0.0004:26 0.0001:4 3e-05:0,53.3,37.3,90.6,
20261003-182205,2026-10-03T20:44:31,4b61271,k3-6j-s52-gen300-steps1000,ga,3,6,52,200,200,300,none,1000,0.0004 0.0001 3e-05,41,14.468903,15.093265,1.509327,0.0004:11 0.0001:5 3e-05:4,114.4,110.9,225.3,
20261003-182205,2026-10-03T20:47:23,4b61271,k1-5j-s53-gen150-steps1000,ga,1,5,53,200,200,150,none,1000,0.0004 0.0001 3e-05,60,2.199678,2.544194,1.272097,0.0004:26 0.0001:4 3e-05:0,54.1,151.1,205.2,
20261003-182205,2026-10-03T20:49:20,4b61271,k3-6j-s52-gen300-steps3000,ga,3,6,52,200,200,300,none,3000,0.0004 0.0001 3e-05,41,14.468903,15.135994,1.513599,0.0004:6 0.0001:8 3e-05:6,113.7,339.3,453.0,
20261003-182205,2026-10-03T20:50:04,4b61271,k1-5j-s53-gen300-steps250,ga,1,5,53,200,200,300,none,250,0.0004 0.0001 3e-05,80,2.586427,2.752905,1.376453,0.0004:31 0.0001:8 3e-05:1,114.1,46.1,160.2,
20261003-182205,2026-10-03T20:52:51,4b61271,k1-5j-s53-gen150-steps3000,ga,1,5,53,200,200,150,none,3000,0.0004 0.0001 3e-05,60,2.199678,3.148643,1.574322,0.0004:28 0.0001:2 3e-05:0,53.9,446.2,500.1,
20261003-182205,2026-10-03T20:54:01,4b61271,k1-6j-s53-gen150-steps250,ga,1,6,53,200,200,150,none,250,0.0004 0.0001 3e-05,18,1.55379,1.713328,0.856664,0.0004:6 0.0001:3 3e-05:0,50.1,19.6,69.7,
20261003-182205,2026-10-03T20:54:19,4b61271,k1-5j-s53-gen300-steps1000,ga,1,5,53,200,200,300,none,1000,0.0004 0.0001 3e-05,80,2.586427,2.795657,1.397828,0.0004:19 0.0001:19 3e-05:2,112.6,186.0,298.6,
20261003-182205,2026-10-03T20:56:07,4b61271,k1-6j-s53-gen150-steps1000,ga,1,6,53,200,200,150,none,1000,0.0004 0.0001 3e-05,18,1.55379,1.688404,0.844202,0.0004:2 0.0001:7 3e-05:0,49.1,76.7,125.9,
20261003-182205,2026-10-03T20:58:52,4b61271,k1-6j-s53-gen300-steps250,ga,1,6,53,200,200,300,none,250,0.0004 0.0001 3e-05,82,2.928376,3.121444,1.560722,0.0004:20 0.0001:18 3e-05:3,109.4,55.6,165.0,
20261003-182205,2026-10-03T20:59:09,4b61271,k1-6j-s53-gen150-steps3000,ga,1,6,53,200,200,150,none,3000,0.0004 0.0001 3e-05,18,1.55379,1.661604,0.830802,0.0004:4 0.0001:4 3e-05:1,49.4,241.3,290.7,
20261003-182205,2026-10-03T21:01:08,4b61271,k1-5j-s53-gen300-steps3000,ga,1,5,53,200,200,300,none,3000,0.0004 0.0001 3e-05,80,2.586427,2.92347,1.461735,0.0004:20 0.0001:11 3e-05:9,112.1,552.1,664.2,
20261003-182205,2026-10-03T21:02:18,4b61271,k2-5j-s53-gen150-steps250,ga,2,5,53,200,200,150,none,250,0.0004 0.0001 3e-05,29,3.473522,3.957984,2.638656,0.0004:10 0.0001:4 3e-05:0,50.3,20.4,70.7,
20261003-182205,2026-10-03T21:04:20,4b61271,k1-6j-s53-gen300-steps1000,ga,1,6,53,200,200,300,none,1000,0.0004 0.0001 3e-05,82,2.928376,3.170124,1.585062,0.0004:15 0.0001:23 3e-05:3,108.8,219.5,328.2,
20261003-182205,2026-10-03T21:04:30,4b61271,k2-5j-s53-gen150-steps1000,ga,2,5,53,200,200,150,none,1000,0.0004 0.0001 3e-05,29,3.473522,4.212494,2.80833,0.0004:11 0.0001:3 3e-05:0,50.5,81.2,131.7,
20261003-182205,2026-10-03T21:06:35,4b61271,k2-5j-s53-gen300-steps250,ga,2,5,53,200,200,300,none,250,0.0004 0.0001 3e-05,26,4.707852,5.192706,3.461804,0.0004:0 0.0001:7 3e-05:5,104.4,20.0,124.4,
20261003-182205,2026-10-03T21:08:54,4b61271,k2-5j-s53-gen150-steps3000,ga,2,5,53,200,200,150,none,3000,0.0004 0.0001 3e-05,29,3.473522,4.308286,2.87219,0.0004:12 0.0001:0 3e-05:2,49.1,225.1,274.2,
20261003-182205,2026-10-03T21:09:39,4b61271,k2-5j-s53-gen300-steps1000,ga,2,5,53,200,200,300,none,1000,0.0004 0.0001 3e-05,26,4.707852,5.203575,3.46905,0.0004:0 0.0001:6 3e-05:6,104.6,79.9,184.6,
20261003-182205,2026-10-03T21:10:43,4b61271,k2-6j-s53-gen150-steps250,ga,2,6,53,200,200,150,none,250,0.0004 0.0001 3e-05,10,3.632341,3.899888,2.599925,0.0004:3 0.0001:1 3e-05:1,52.8,10.7,63.5,
20261003-182205,2026-10-03T21:11:48,4b61271,k1-6j-s53-gen300-steps3000,ga,1,6,53,200,200,300,none,3000,0.0004 0.0001 3e-05,82,2.928376,3.283141,1.64157,0.0004:10 0.0001:28 3e-05:3,109.1,649.4,758.6,
20261003-182205,2026-10-03T21:12:18,4b61271,k2-6j-s53-gen150-steps1000,ga,2,6,53,200,200,150,none,1000,0.0004 0.0001 3e-05,10,3.632341,4.015295,2.676864,0.0004:2 0.0001:2 3e-05:1,53.0,42.3,95.3,
20261003-182205,2026-10-03T21:14:03,4b61271,k2-6j-s53-gen150-steps3000,ga,2,6,53,200,200,150,none,3000,0.0004 0.0001 3e-05,10,3.632341,4.013747,2.675831,0.0004:1 0.0001:2 3e-05:2,53.2,82.2,135.4,
20261003-182205,2026-10-03T21:14:20,4b61271,k2-5j-s53-gen300-steps3000,ga,2,5,53,200,200,300,none,3000,0.0004 0.0001 3e-05,26,4.707852,5.224389,3.482926,0.0004:0 0.0001:6 3e-05:6,104.7,221.7,326.4,
20261003-182205,2026-10-03T21:14:23,4b61271,k2-6j-s53-gen300-steps250,ga,2,6,53,200,200,300,none,250,0.0004 0.0001 3e-05,28,4.62849,4.791857,3.194572,0.0004:0 0.0001:5 3e-05:9,105.0,19.8,124.8,
20261003-182205,2026-10-03T21:15:34,4b61271,k3-5j-s53-gen150-steps250,ga,3,5,53,200,200,150,none,250,0.0004 0.0001 3e-05,30,13.692614,14.291609,1.429161,0.0004:7 0.0001:2 3e-05:6,51.8,19.1,70.9,
20261003-182205,2026-10-03T21:17:07,4b61271,k2-6j-s53-gen300-steps1000,ga,2,6,53,200,200,300,none,1000,0.0004 0.0001 3e-05,28,4.62849,4.791904,3.194602,0.0004:0 0.0001:3 3e-05:11,103.6,79.8,183.4,
20261003-182205,2026-10-03T21:17:45,4b61271,k3-5j-s53-gen150-steps1000,ga,3,5,53,200,200,150,none,1000,0.0004 0.0001 3e-05,30,13.692614,14.461342,1.446134,0.0004:5 0.0001:4 3e-05:6,52.6,79.1,131.7,
20261003-182205,2026-10-03T21:18:20,4b61271,k2-6j-s53-gen300-steps3000,ga,2,6,53,200,200,300,none,3000,0.0004 0.0001 3e-05,28,4.62849,4.791904,3.194602,0.0004:0 0.0001:3 3e-05:11,102.9,136.3,239.1,
20261003-182205,2026-10-03T21:20:27,4b61271,k3-5j-s53-gen300-steps250,ga,3,5,53,200,200,300,none,250,0.0004 0.0001 3e-05,83,14.375538,14.654114,1.465411,0.0004:22 0.0001:9 3e-05:10,107.4,54.3,161.7,
20261003-182205,2026-10-03T21:21:56,4b61271,k3-5j-s53-gen150-steps3000,ga,3,5,53,200,200,150,none,3000,0.0004 0.0001 3e-05,30,13.692614,14.604257,1.460426,0.0004:3 0.0001:4 3e-05:8,52.8,236.6,289.4,
20261003-182205,2026-10-03T21:23:11,4b61271,k3-6j-s53-gen150-steps250,ga,3,6,53,200,200,150,none,250,0.0004 0.0001 3e-05,28,12.257771,12.782157,1.278216,0.0004:8 0.0001:3 3e-05:3,54.1,20.6,74.7,
20261003-182205,2026-10-03T21:23:44,4b61271,k3-5j-s53-gen300-steps1000,ga,3,5,53,200,200,300,none,1000,0.0004 0.0001 3e-05,83,14.375538,14.799567,1.479957,0.0004:21 0.0001:10 3e-05:10,107.4,216.9,324.3,
20261003-182205,2026-10-03T21:25:27,4b61271,k3-6j-s53-gen150-steps1000,ga,3,6,53,200,200,150,none,1000,0.0004 0.0001 3e-05,28,12.257771,12.952928,1.295293,0.0004:4 0.0001:7 3e-05:3,54.3,81.3,135.6,
20261003-182205,2026-10-03T21:27:58,4b61271,k3-6j-s53-gen300-steps250,ga,3,6,53,200,200,300,none,250,0.0004 0.0001 3e-05,45,13.071423,13.350982,1.335098,0.0004:10 0.0001:6 3e-05:6,121.7,29.3,151.0,
20261003-182205,2026-10-03T21:28:27,4b61271,k3-6j-s53-gen150-steps3000,ga,3,6,53,200,200,150,none,3000,0.0004 0.0001 3e-05,28,12.257771,12.986185,1.298619,0.0004:4 0.0001:7 3e-05:3,54.0,229.1,283.1,
20261003-182205,2026-10-03T21:31:53,4b61271,k3-6j-s53-gen300-steps1000,ga,3,6,53,200,200,300,none,1000,0.0004 0.0001 3e-05,45,13.071423,13.364466,1.336447,0.0004:7 0.0001:8 3e-05:7,120.0,115.3,235.3,
20261003-182205,2026-10-03T21:33:01,4b61271,k3-5j-s53-gen300-steps3000,ga,3,5,53,200,200,300,none,3000,0.0004 0.0001 3e-05,83,14.375538,14.917498,1.49175,0.0004:15 0.0001:14 3e-05:12,110.6,643.4,754.1,
20261003-182205,2026-10-03T21:33:24,4b61271,k1-5j-s54-gen150-steps250,ga,1,5,54,200,200,150,none,250,0.0004 0.0001 3e-05,52,1.91488,2.038825,1.019413,0.0004:23 0.0001:3 3e-05:0,53.1,37.9,91.1,
20261003-182205,2026-10-03T21:34:54,4b61271,k3-6j-s53-gen300-steps3000,ga,3,6,53,200,200,300,none,3000,0.0004 0.0001 3e-05,45,13.071423,13.453864,1.345386,0.0004:4 0.0001:10 3e-05:8,119.7,267.8,387.4,
20261003-182205,2026-10-03T21:36:24,4b61271,k1-5j-s54-gen150-steps1000,ga,1,5,54,200,200,150,none,1000,0.0004 0.0001 3e-05,52,1.91488,2.053793,1.026897,0.0004:23 0.0001:3 3e-05:0,52.3,150.2,202.6,
20261003-182205,2026-10-03T21:37:55,4b61271,k1-5j-s54-gen300-steps250,ga,1,5,54,200,200,300,none,250,0.0004 0.0001 3e-05,102,2.096815,2.145844,1.072922,0.0004:33 0.0001:17 3e-05:1,112.7,67.8,180.5,
20261003-182205,2026-10-03T21:41:48,4b61271,k1-5j-s54-gen150-steps3000,ga,1,5,54,200,200,150,none,3000,0.0004 0.0001 3e-05,52,1.91488,2.092006,1.046003,0.0004:22 0.0001:4 3e-05:0,52.3,451.7,504.0,
20261003-182205,2026-10-03T21:42:38,4b61271,k1-5j-s54-gen300-steps1000,ga,1,5,54,200,200,300,none,1000,0.0004 0.0001 3e-05,102,2.096815,2.179325,1.089662,0.0004:26 0.0001:24 3e-05:1,112.4,261.4,373.8,
20261003-182205,2026-10-03T21:43:05,4b61271,k1-6j-s54-gen150-steps250,ga,1,6,54,200,200,150,none,250,0.0004 0.0001 3e-05,30,1.8438,1.942772,0.971386,0.0004:14 0.0001:1 3e-05:0,56.8,20.2,77.0,
20261003-182205,2026-10-03T21:44:55,4b61271,k1-6j-s54-gen150-steps1000,ga,1,6,54,200,200,150,none,1000,0.0004 0.0001 3e-05,30,1.8438,1.975038,0.987519,0.0004:14 0.0001:1 3e-05:0,56.3,80.6,136.9,
20261003-182205,2026-10-03T21:47:33,4b61271,k1-6j-s54-gen300-steps250,ga,1,6,54,200,200,300,none,250,0.0004 0.0001 3e-05,64,2.084131,2.246325,1.123162,0.0004:29 0.0001:3 3e-05:0,119.7,38.6,158.3,
20261003-182205,2026-10-03T21:48:03,4b61271,k1-6j-s54-gen150-steps3000,ga,1,6,54,200,200,150,none,3000,0.0004 0.0001 3e-05,30,1.8438,2.123896,1.061948,0.0004:14 0.0001:1 3e-05:0,56.1,242.0,298.1,
20261003-182205,2026-10-03T21:52:06,4b61271,k1-6j-s54-gen300-steps1000,ga,1,6,54,200,200,300,none,1000,0.0004 0.0001 3e-05,64,2.084131,2.246281,1.12314,0.0004:28 0.0001:1 3e-05:3,119.4,154.1,273.5,
20261003-182205,2026-10-03T21:52:32,4b61271,k1-5j-s54-gen300-steps3000,ga,1,5,54,200,200,300,none,3000,0.0004 0.0001 3e-05,102,2.096815,2.21439,1.107195,0.0004:23 0.0001:26 3e-05:2,112.6,764.5,877.0,
20261003-182205,2026-10-03T21:53:16,4b61271,k2-5j-s54-gen150-steps250,ga,2,5,54,200,200,150,none,250,0.0004 0.0001 3e-05,20,3.027807,3.402043,2.268029,0.0004:3 0.0001:2 3e-05:5,50.4,19.7,70.0,
20261003-182205,2026-10-03T21:54:19,4b61271,k2-5j-s54-gen150-steps1000,ga,2,5,54,200,200,150,none,1000,0.0004 0.0001 3e-05,20,3.027807,3.403834,2.269222,0.0004:3 0.0001:1 3e-05:6,49.8,57.0,106.8,
20261003-182205,2026-10-03T21:56:02,4b61271,k2-5j-s54-gen150-steps3000,ga,2,5,54,200,200,150,none,3000,0.0004 0.0001 3e-05,20,3.027807,3.412095,2.27473,0.0004:3 0.0001:1 3e-05:6,50.5,115.0,165.5,
20261003-182205,2026-10-03T21:56:15,4b61271,k2-5j-s54-gen300-steps250,ga,2,5,54,200,200,300,none,250,0.0004 0.0001 3e-05,31,4.371464,4.476712,2.984475,0.0004:1 0.0001:1 3e-05:10,104.7,11.6,116.3,
20261003-182205,2026-10-03T21:57:34,4b61271,k1-6j-s54-gen300-steps3000,ga,1,6,54,200,200,300,none,3000,0.0004 0.0001 3e-05,64,2.084131,2.423232,1.211616,0.0004:25 0.0001:4 3e-05:3,119.3,451.3,570.7,
20261003-182205,2026-10-03T21:58:23,4b61271,k2-5j-s54-gen300-steps1000,ga,2,5,54,200,200,300,none,1000,0.0004 0.0001 3e-05,31,4.371464,4.476712,2.984475,0.0004:1 0.0001:1 3e-05:10,103.3,37.6,140.9,
20261003-182205,2026-10-03T21:58:35,4b61271,k2-5j-s54-gen300-steps3000,ga,2,5,54,200,200,300,none,3000,0.0004 0.0001 3e-05,31,4.371464,4.476712,2.984475,0.0004:1 0.0001:1 3e-05:10,102.7,37.4,140.1,
20261003-182205,2026-10-03T21:58:49,4b61271,k2-6j-s54-gen150-steps250,ga,2,6,54,200,200,150,none,250,0.0004 0.0001 3e-05,18,1.91707,2.896577,1.931051,0.0004:1 0.0001:5 3e-05:3,56.9,18.6,75.5,
20261003-182205,2026-10-03T22:00:16,4b61271,k2-6j-s54-gen150-steps1000,ga,2,6,54,200,200,150,none,1000,0.0004 0.0001 3e-05,18,1.91707,2.926207,1.950805,0.0004:0 0.0001:5 3e-05:4,56.3,57.4,113.7,
20261003-182205,2026-10-03T22:01:03,4b61271,k2-6j-s54-gen300-steps250,ga,2,6,54,200,200,300,none,250,0.0004 0.0001 3e-05,43,4.132216,4.142279,2.761519,0.0004:0 0.0001:1 3e-05:13,129.5,4.0,133.5,
20261003-182205,2026-10-03T22:01:59,4b61271,k2-6j-s54-gen150-steps3000,ga,2,6,54,200,200,150,none,3000,0.0004 0.0001 3e-05,18,1.91707,2.939279,1.959519,0.0004:0 0.0001:4 3e-05:5,55.9,148.4,204.3,
20261003-182205,2026-10-03T22:02:29,4b61271,k2-6j-s54-gen300-steps1000,ga,2,6,54,200,200,300,none,1000,0.0004 0.0001 3e-05,43,4.132216,4.142279,2.761519,0.0004:0 0.0001:1 3e-05:13,128.8,3.9,132.7,
20261003-182205,2026-10-03T22:03:09,4b61271,k3-5j-s54-gen150-steps250,ga,3,5,54,200,200,150,none,250,0.0004 0.0001 3e-05,18,12.921932,13.966666,1.396667,0.0004:3 0.0001:4 3e-05:2,52.0,18.1,70.1,
20261003-182205,2026-10-03T22:03:15,4b61271,k2-6j-s54-gen300-steps3000,ga,2,6,54,200,200,300,none,3000,0.0004 0.0001 3e-05,43,4.132216,4.142279,2.761519,0.0004:0 0.0001:1 3e-05:13,128.4,4.0,132.4,
20261003-182205,2026-10-03T22:04:40,4b61271,k3-5j-s54-gen150-steps1000,ga,3,5,54,200,200,150,none,1000,0.0004 0.0001 3e-05,18,12.921932,14.026191,1.402619,0.0004:3 0.0001:3 3e-05:3,52.6,78.0,130.6,
20261003-182205,2026-10-03T22:05:39,4b61271,k3-5j-s54-gen300-steps250,ga,3,5,54,200,200,300,none,250,0.0004 0.0001 3e-05,60,14.812051,15.077362,1.507736,0.0004:7 0.0001:17 3e-05:6,106.7,37.1,143.8,
20261003-182205,2026-10-03T22:07:45,4b61271,k3-5j-s54-gen150-steps3000,ga,3,5,54,200,200,150,none,3000,0.0004 0.0001 3e-05,18,12.921932,14.100163,1.410016,0.0004:3 0.0001:3 3e-05:3,53.5,222.1,275.6,
20261003-182205,2026-10-03T22:08:55,4b61271,k3-5j-s54-gen300-steps1000,ga,3,5,54,200,200,300,none,1000,0.0004 0.0001 3e-05,60,14.812051,15.084636,1.508464,0.0004:9 0.0001:15 3e-05:6,105.8,149.6,255.4,
20261003-182205,2026-10-03T22:09:14,4b61271,k3-6j-s54-gen150-steps250,ga,3,6,54,200,200,150,none,250,0.0004 0.0001 3e-05,42,14.034421,14.676719,1.467672,0.0004:11 0.0001:7 3e-05:3,60.4,28.8,89.2,
20261003-182205,2026-10-03T22:11:53,4b61271,k3-6j-s54-gen150-steps1000,ga,3,6,54,200,200,150,none,1000,0.0004 0.0001 3e-05,42,14.034421,14.716006,1.471601,0.0004:10 0.0001:6 3e-05:5,60.1,118.0,178.0,
20261003-182205,2026-10-03T22:14:50,4b61271,k3-6j-s54-gen300-steps250,ga,3,6,54,200,200,300,none,250,0.0004 0.0001 3e-05,71,15.084839,15.373272,1.537327,0.0004:10 0.0001:6 3e-05:18,128.7,47.9,176.6,
20261003-182205,2026-10-03T22:14:53,4b61271,k3-5j-s54-gen300-steps3000,ga,3,5,54,200,200,300,none,3000,0.0004 0.0001 3e-05,60,14.812051,15.087014,1.508701,0.0004:9 0.0001:11 3e-05:10,106.3,447.6,553.9,
20261003-182205,2026-10-03T22:15:58,4b61271,k3-6j-s54-gen150-steps3000,ga,3,6,54,200,200,150,none,3000,0.0004 0.0001 3e-05,42,14.034421,14.822383,1.482238,0.0004:8 0.0001:7 3e-05:6,59.8,343.8,403.6,
20261003-182205,2026-10-03T22:17:18,4b61271,k1-5j-s55-gen150-steps250,ga,1,5,55,200,200,150,none,250,0.0004 0.0001 3e-05,34,2.700821,2.945781,1.472891,0.0004:15 0.0001:2 3e-05:0,51.8,28.5,80.3,
20261003-182205,2026-10-03T22:20:05,4b61271,k3-6j-s54-gen300-steps1000,ga,3,6,54,200,200,300,none,1000,0.0004 0.0001 3e-05,71,15.084839,15.394743,1.539474,0.0004:10 0.0001:6 3e-05:18,125.7,189.8,315.5,
20261003-182205,2026-10-03T22:20:09,4b61271,k1-5j-s55-gen150-steps1000,ga,1,5,55,200,200,150,none,1000,0.0004 0.0001 3e-05,34,2.700821,2.958318,1.479159,0.0004:15 0.0001:2 3e-05:0,54.0,116.6,170.6,
20261003-182205,2026-10-03T22:23:01,4b61271,k1-5j-s55-gen300-steps250,ga,1,5,55,200,200,300,none,250,0.0004 0.0001 3e-05,98,3.133662,3.257024,1.628512,0.0004:34 0.0001:10 3e-05:5,107.3,65.2,172.5,
20261003-182205,2026-10-03T22:26:23,4b61271,k3-6j-s54-gen300-steps3000,ga,3,6,54,200,200,300,none,3000,0.0004 0.0001 3e-05,71,15.084839,15.42355,1.542355,0.0004:7 0.0001:9 3e-05:18,125.9,564.2,690.1,
20261003-182205,2026-10-03T22:26:43,4b61271,k1-5j-s55-gen150-steps3000,ga,1,5,55,200,200,150,none,3000,0.0004 0.0001 3e-05,34,2.700821,2.995184,1.497592,0.0004:15 0.0001:2 3e-05:0,53.4,344.7,398.1,
20261003-182205,2026-10-03T22:27:46,4b61271,k1-6j-s55-gen150-steps250,ga,1,6,55,200,200,150,none,250,0.0004 0.0001 3e-05,12,1.51946,1.60188,0.80094,0.0004:6 0.0001:0 3e-05:0,52.2,10.6,62.8,
20261003-182205,2026-10-03T22:29:06,4b61271,k1-5j-s55-gen300-steps1000,ga,1,5,55,200,200,300,none,1000,0.0004 0.0001 3e-05,98,3.133662,3.2695,1.63475,0.0004:28 0.0001:14 3e-05:7,108.1,256.4,364.6,
20261003-182205,2026-10-03T22:29:21,4b61271,k1-6j-s55-gen150-steps1000,ga,1,6,55,200,200,150,none,1000,0.0004 0.0001 3e-05,12,1.51946,1.630053,0.815026,0.0004:6 0.0001:0 3e-05:0,52.0,42.9,95.0,
20261003-182205,2026-10-03T22:31:45,4b61271,k1-6j-s55-gen300-steps250,ga,1,6,55,200,200,300,none,250,0.0004 0.0001 3e-05,48,1.961896,2.01289,1.006445,0.0004:24 0.0001:0 3e-05:0,114.8,29.4,144.2,
20261003-182205,2026-10-03T22:32:09,4b61271,k1-6j-s55-gen150-steps3000,ga,1,6,55,200,200,150,none,3000,0.0004 0.0001 3e-05,12,1.51946,1.693581,0.84679,0.0004:6 0.0001:0 3e-05:0,51.5,132.0,183.5,
20261003-182205,2026-10-03T22:35:36,4b61271,k1-6j-s55-gen300-steps1000,ga,1,6,55,200,200,300,none,1000,0.0004 0.0001 3e-05,48,1.961896,2.050164,1.025082,0.0004:24 0.0001:0 3e-05:0,114.3,116.1,230.5,
20261003-182205,2026-10-03T22:36:49,4b61271,k2-5j-s55-gen150-steps250,ga,2,5,55,200,200,150,none,250,0.0004 0.0001 3e-05,30,4.199968,4.938906,3.292604,0.0004:4 0.0001:2 3e-05:9,53.1,20.2,73.4,
20261003-182205,2026-10-03T22:39:04,4b61271,k2-5j-s55-gen150-steps1000,ga,2,5,55,200,200,150,none,1000,0.0004 0.0001 3e-05,30,4.199968,5.059294,3.372862,0.0004:2 0.0001:3 3e-05:10,53.6,80.7,134.3,
20261003-182205,2026-10-03T22:39:49,4b61271,k1-6j-s55-gen300-steps3000,ga,1,6,55,200,200,300,none,3000,0.0004 0.0001 3e-05,48,1.961896,2.132202,1.066101,0.0004:24 0.0001:0 3e-05:0,113.5,346.0,459.5,
20261003-182205,2026-10-03T22:41:00,4b61271,k1-5j-s55-gen300-steps3000,ga,1,5,55,200,200,300,none,3000,0.0004 0.0001 3e-05,98,3.133662,3.280939,1.64047,0.0004:11 0.0001:27 3e-05:11,108.9,768.2,877.1,
20261003-182205,2026-10-03T22:42:24,4b61271,k2-5j-s55-gen300-steps250,ga,2,5,55,200,200,300,none,250,0.0004 0.0001 3e-05,72,4.883729,5.431211,3.620807,0.0004:0 0.0001:7 3e-05:26,109.2,45.7,154.9,
20261003-182205,2026-10-03T22:43:51,4b61271,k2-5j-s55-gen150-steps3000,ga,2,5,55,200,200,150,none,3000,0.0004 0.0001 3e-05,30,4.199968,5.159953,3.439968,0.0004:1 0.0001:4 3e-05:10,53.1,234.2,287.3,
20261003-182205,2026-10-03T22:45:13,4b61271,k2-6j-s55-gen150-steps250,ga,2,6,55,200,200,150,none,250,0.0004 0.0001 3e-05,24,2.516534,2.636885,1.757923,0.0004:11 0.0001:1 3e-05:0,61.8,20.6,82.3,
20261003-182205,2026-10-03T22:45:53,4b61271,k2-5j-s55-gen300-steps1000,ga,2,5,55,200,200,300,none,1000,0.0004 0.0001 3e-05,72,4.883729,5.450068,3.633378,0.0004:0 0.0001:7 3e-05:26,109.7,183.6,293.3,
20261003-182205,2026-10-03T22:47:35,4b61271,k2-6j-s55-gen150-steps1000,ga,2,6,55,200,200,150,none,1000,0.0004 0.0001 3e-05,24,2.516534,2.718476,1.812317,0.0004:11 0.0001:1 3e-05:0,62.3,79.7,142.0,
20261003-182205,2026-10-03T22:50:32,4b61271,k2-6j-s55-gen300-steps250,ga,2,6,55,200,200,300,none,250,0.0004 0.0001 3e-05,54,4.341377,4.643508,3.095672,0.0004:5 0.0001:19 3e-05:3,137.9,38.7,176.6,
20261003-182205,2026-10-03T22:50:55,4b61271,k2-6j-s55-gen150-steps3000,ga,2,6,55,200,200,150,none,3000,0.0004 0.0001 3e-05,24,2.516534,2.860615,1.907076,0.0004:9 0.0001:2 3e-05:1,61.6,239.6,301.2,
20261003-182205,2026-10-03T22:53:18,4b61271,k2-5j-s55-gen300-steps3000,ga,2,5,55,200,200,300,none,3000,0.0004 0.0001 3e-05,72,4.883729,5.46776,3.645173,0.0004:0 0.0001:7 3e-05:26,109.6,545.0,654.7,
20261003-182205,2026-10-03T22:54:29,4b61271,k3-5j-s55-gen150-steps250,ga,3,5,55,200,200,150,none,250,0.0004 0.0001 3e-05,25,13.719037,14.96563,1.496563,0.0004:11 0.0001:0 3e-05:1,51.2,19.3,70.5,
20261003-182205,2026-10-03T22:55:20,4b61271,k2-6j-s55-gen300-steps1000,ga,2,6,55,200,200,300,none,1000,0.0004 0.0001 3e-05,54,4.341377,4.700515,3.133676,0.0004:5 0.0001:19 3e-05:3,135.3,152.8,288.1,
20261003-182205,2026-10-03T22:56:35,4b61271,k3-5j-s55-gen150-steps1000,ga,3,5,55,200,200,150,none,1000,0.0004 0.0001 3e-05,25,13.719037,15.117254,1.511725,0.0004:10 0.0001:1 3e-05:1,50.8,75.1,125.9,
20261003-182205,2026-10-03T22:59:07,4b61271,k3-5j-s55-gen300-steps250,ga,3,5,55,200,200,300,none,250,0.0004 0.0001 3e-05,90,14.292807,14.33806,1.433806,0.0004:19 0.0001:16 3e-05:8,97.0,55.3,152.3,
20261003-182205,2026-10-03T23:00:08,4b61271,k3-5j-s55-gen150-steps3000,ga,3,5,55,200,200,150,none,3000,0.0004 0.0001 3e-05,25,13.719037,15.188326,1.518833,0.0004:10 0.0001:1 3e-05:1,51.0,237.2,288.2,
20261003-182205,2026-10-03T23:00:44,4b61271,k2-6j-s55-gen300-steps3000,ga,2,6,55,200,200,300,none,3000,0.0004 0.0001 3e-05,54,4.341377,4.742481,3.161654,0.0004:6 0.0001:17 3e-05:4,135.7,453.6,589.3,
20261003-182205,2026-10-03T23:02:01,4b61271,k3-6j-s55-gen150-steps250,ga,3,6,55,200,200,150,none,250,0.0004 0.0001 3e-05,32,11.75541,12.31485,1.231485,0.0004:9 0.0001:4 3e-05:3,56.3,20.7,77.0,
20261003-182205,2026-10-03T23:04:19,4b61271,k3-5j-s55-gen300-steps1000,ga,3,5,55,200,200,300,none,1000,0.0004 0.0001 3e-05,90,14.292807,14.35036,1.435036,0.0004:9 0.0001:26 3e-05:8,96.1,215.7,311.8,
20261003-182205,2026-10-03T23:04:21,4b61271,k3-6j-s55-gen150-steps1000,ga,3,6,55,200,200,150,none,1000,0.0004 0.0001 3e-05,32,11.75541,12.315914,1.231591,0.0004:9 0.0001:4 3e-05:3,57.4,82.7,140.1,
20261003-182205,2026-10-03T23:07:01,4b61271,k3-6j-s55-gen300-steps250,ga,3,6,55,200,200,300,none,250,0.0004 0.0001 3e-05,54,13.216126,14.14698,1.414698,0.0004:9 0.0001:14 3e-05:4,121.9,38.7,160.6,
20261003-182205,2026-10-03T23:09:05,4b61271,k3-6j-s55-gen150-steps3000,ga,3,6,55,200,200,150,none,3000,0.0004 0.0001 3e-05,32,11.75541,12.328613,1.232861,0.0004:9 0.0001:4 3e-05:3,55.9,230.1,286.0,
20261003-182205,2026-10-03T23:11:35,4b61271,k3-6j-s55-gen300-steps1000,ga,3,6,55,200,200,300,none,1000,0.0004 0.0001 3e-05,54,13.216126,14.44057,1.444057,0.0004:10 0.0001:8 3e-05:9,122.1,151.8,273.9,
20261003-182205,2026-10-03T23:12:30,4b61271,k3-5j-s55-gen300-steps3000,ga,3,5,55,200,200,300,none,3000,0.0004 0.0001 3e-05,90,14.292807,14.354107,1.435411,0.0004:8 0.0001:21 3e-05:14,95.9,645.6,741.6,
20261003-182205,2026-10-03T23:13:05,4b61271,k1-5j-s56-gen150-steps250,ga,1,5,56,200,200,150,none,250,0.0004 0.0001 3e-05,54,2.330003,2.52076,1.26038,0.0004:22 0.0001:4 3e-05:1,52.0,38.0,90.1,
20261003-182205,2026-10-03T23:15:55,4b61271,k1-5j-s56-gen150-steps1000,ga,1,5,56,200,200,150,none,1000,0.0004 0.0001 3e-05,54,2.330003,2.61236,1.30618,0.0004:27 0.0001:0 3e-05:0,52.4,152.8,205.2,
20261003-182205,2026-10-03T23:18:43,4b61271,k3-6j-s55-gen300-steps3000,ga,3,6,55,200,200,300,none,3000,0.0004 0.0001 3e-05,54,13.216126,14.556158,1.455616,0.0004:10 0.0001:8 3e-05:9,121.8,456.6,578.4,
20261003-182205,2026-10-03T23:18:51,4b61271,k1-5j-s56-gen300-steps250,ga,1,5,56,200,200,300,none,250,0.0004 0.0001 3e-05,108,2.689219,2.809357,1.404679,0.0004:43 0.0001:11 3e-05:0,111.0,65.0,176.0,
20261003-182205,2026-10-03T23:21:27,4b61271,k1-5j-s56-gen150-steps3000,ga,1,5,56,200,200,150,none,3000,0.0004 0.0001 3e-05,54,2.330003,2.906666,1.453333,0.0004:24 0.0001:3 3e-05:0,52.2,449.4,501.6,
20261003-182205,2026-10-03T23:22:30,4b61271,k1-6j-s56-gen150-steps250,ga,1,6,56,200,200,150,none,250,0.0004 0.0001 3e-05,14,2.048273,2.276626,1.138313,0.0004:5 0.0001:2 3e-05:0,52.2,10.8,63.0,
20261003-182205,2026-10-03T23:24:05,4b61271,k1-6j-s56-gen150-steps1000,ga,1,6,56,200,200,150,none,1000,0.0004 0.0001 3e-05,14,2.048273,2.345754,1.172877,0.0004:4 0.0001:2 3e-05:1,51.8,43.1,94.9,
20261003-182205,2026-10-03T23:24:49,4b61271,k1-5j-s56-gen300-steps1000,ga,1,5,56,200,200,300,none,1000,0.0004 0.0001 3e-05,108,2.689219,3.044777,1.522388,0.0004:50 0.0001:4 3e-05:0,109.0,256.9,365.9,
20261003-182205,2026-10-03T23:27:03,4b61271,k1-6j-s56-gen150-steps3000,ga,1,6,56,200,200,150,none,3000,0.0004 0.0001 3e-05,14,2.048273,2.359894,1.179947,0.0004:4 0.0001:2 3e-05:1,51.7,126.2,177.9,
20261003-182205,2026-10-03T23:27:17,4b61271,k1-6j-s56-gen300-steps250,ga,1,6,56,200,200,300,none,250,0.0004 0.0001 3e-05,62,2.372615,2.581979,1.290989,0.0004:16 0.0001:14 3e-05:1,109.7,37.7,147.4,
20261003-182205,2026-10-03T23:31:26,4b61271,k1-6j-s56-gen300-steps1000,ga,1,6,56,200,200,300,none,1000,0.0004 0.0001 3e-05,62,2.372615,2.62263,1.311315,0.0004:21 0.0001:9 3e-05:1,110.2,153.1,263.3,
20261003-182205,2026-10-03T23:32:36,4b61271,k2-5j-s56-gen150-steps250,ga,2,5,56,200,200,150,none,250,0.0004 0.0001 3e-05,24,4.263779,4.705353,3.136902,0.0004:0 0.0001:5 3e-05:7,49.1,20.3,69.4,
20261003-182205,2026-10-03T23:33:26,4b61271,k1-5j-s56-gen300-steps3000,ga,1,5,56,200,200,300,none,3000,0.0004 0.0001 3e-05,108,2.689219,3.297323,1.648662,0.0004:46 0.0001:8 3e-05:0,109.4,765.2,874.6,
20261003-182205,2026-10-03T23:34:44,4b61271,k2-5j-s56-gen150-steps1000,ga,2,5,56,200,200,150,none,1000,0.0004 0.0001 3e-05,24,4.263779,4.747943,3.165296,0.0004:0 0.0001:3 3e-05:9,49.0,79.0,128.0,
20261003-182205,2026-10-03T23:36:38,4b61271,k1-6j-s56-gen300-steps3000,ga,1,6,56,200,200,300,none,3000,0.0004 0.0001 3e-05,62,2.372615,2.657101,1.32855,0.0004:28 0.0001:2 3e-05:1,109.7,452.1,561.8,
20261003-182205,2026-10-03T23:37:13,4b61271,k2-5j-s56-gen300-steps250,ga,2,5,56,200,200,300,none,250,0.0004 0.0001 3e-05,73,5.107451,5.199656,3.466438,0.0004:0 0.0001:12 3e-05:23,102.5,46.7,149.2,
20261003-182205,2026-10-03T23:38:10,4b61271,k2-5j-s56-gen150-steps3000,ga,2,5,56,200,200,150,none,3000,0.0004 0.0001 3e-05,24,4.263779,4.943796,3.295864,0.0004:1 0.0001:0 3e-05:11,48.9,235.7,284.6,
20261003-182205,2026-10-03T23:39:14,4b61271,k2-6j-s56-gen150-steps250,ga,2,6,56,200,200,150,none,250,0.0004 0.0001 3e-05,14,3.430164,4.536009,3.024006,0.0004:5 0.0001:2 3e-05:0,52.8,10.7,63.5,
20261003-182205,2026-10-03T23:40:50,4b61271,k2-6j-s56-gen150-steps1000,ga,2,6,56,200,200,150,none,1000,0.0004 0.0001 3e-05,14,3.430164,4.646405,3.097603,0.0004:3 0.0001:3 3e-05:1,53.7,42.7,96.4,
20261003-182205,2026-10-03T23:41:22,4b61271,k2-5j-s56-gen300-steps1000,ga,2,5,56,200,200,300,none,1000,0.0004 0.0001 3e-05,73,5.107451,5.213341,3.475561,0.0004:0 0.0001:12 3e-05:23,100.5,183.0,283.4,
20261003-182205,2026-10-03T23:43:47,4b61271,k2-6j-s56-gen150-steps3000,ga,2,6,56,200,200,150,none,3000,0.0004 0.0001 3e-05,14,3.430164,4.669532,3.113021,0.0004:0 0.0001:5 3e-05:2,53.4,124.1,177.5,
20261003-182205,2026-10-03T23:43:50,4b61271,k2-6j-s56-gen300-steps250,ga,2,6,56,200,200,300,none,250,0.0004 0.0001 3e-05,40,4.863969,5.146442,3.430961,0.0004:0 0.0001:14 3e-05:6,120.1,28.6,148.7,
20261003-182205,2026-10-03T23:47:44,4b61271,k2-6j-s56-gen300-steps1000,ga,2,6,56,200,200,300,none,1000,0.0004 0.0001 3e-05,40,4.863969,5.178855,3.45257,0.0004:0 0.0001:14 3e-05:6,120.8,115.6,236.4,
20261003-182205,2026-10-03T23:48:02,4b61271,k2-5j-s56-gen300-steps3000,ga,2,5,56,200,200,300,none,3000,0.0004 0.0001 3e-05,73,5.107451,5.330891,3.553927,0.0004:3 0.0001:9 3e-05:23,100.4,548.7,649.0,
20261003-182205,2026-10-03T23:49:04,4b61271,k3-5j-s56-gen150-steps250,ga,3,5,56,200,200,150,none,250,0.0004 0.0001 3e-05,36,13.052228,13.463036,1.346304,0.0004:6 0.0001:3 3e-05:9,52.1,28.5,80.6,
20261003-182205,2026-10-03T23:50:47,4b61271,k3-5j-s56-gen150-steps1000,ga,3,5,56,200,200,150,none,1000,0.0004 0.0001 3e-05,36,13.052228,13.666621,1.366662,0.0004:6 0.0001:3 3e-05:9,52.1,113.5,165.7,
20261003-182205,2026-10-03T23:51:31,4b61271,k2-6j-s56-gen300-steps3000,ga,2,6,56,200,200,300,none,3000,0.0004 0.0001 3e-05,40,4.863969,5.20862,3.472414,0.0004:0 0.0001:14 3e-05:6,120.4,339.8,460.2,
20261003-182205,2026-10-03T23:53:36,4b61271,k3-5j-s56-gen300-steps250,ga,3,5,56,200,200,300,none,250,0.0004 0.0001 3e-05,95,13.555585,13.71689,1.371689,0.0004:10 0.0001:12 3e-05:22,105.0,63.9,168.9,
20261003-182205,2026-10-03T23:55:38,4b61271,k3-5j-s56-gen150-steps3000,ga,3,5,56,200,200,150,none,3000,0.0004 0.0001 3e-05,36,13.052228,13.786505,1.37865,0.0004:6 0.0001:2 3e-05:10,52.5,341.7,394.1,
20261003-182205,2026-10-03T23:56:53,4b61271,k3-6j-s56-gen150-steps250,ga,3,6,56,200,200,150,none,250,0.0004 0.0001 3e-05,25,11.285124,12.198929,1.219893,0.0004:10 0.0001:1 3e-05:1,53.4,20.8,74.2,
20261003-182205,2026-10-03T23:57:29,4b61271,k3-5j-s56-gen300-steps1000,ga,3,5,56,200,200,300,none,1000,0.0004 0.0001 3e-05,95,13.555585,13.854866,1.385487,0.0004:11 0.0001:11 3e-05:22,104.3,254.3,358.6,
20261003-182205,2026-10-03T23:59:07,4b61271,k3-6j-s56-gen150-steps1000,ga,3,6,56,200,200,150,none,1000,0.0004 0.0001 3e-05,25,11.285124,12.720942,1.272094,0.0004:9 0.0001:2 3e-05:1,53.4,81.1,134.5,
20261003-182205,2026-10-04T00:01:25,4b61271,k3-6j-s56-gen300-steps250,ga,3,6,56,200,200,300,none,250,0.0004 0.0001 3e-05,22,13.201384,13.271322,1.327132,0.0004:3 0.0001:7 3e-05:1,117.6,20.4,138.0,
20261003-182205,2026-10-04T00:02:16,4b61271,k3-6j-s56-gen150-steps3000,ga,3,6,56,200,200,150,none,3000,0.0004 0.0001 3e-05,25,11.285124,12.889295,1.28893,0.0004:8 0.0001:3 3e-05:1,52.7,233.8,286.5,
20261003-182205,2026-10-04T00:04:24,4b61271,k3-6j-s56-gen300-steps1000,ga,3,6,56,200,200,300,none,1000,0.0004 0.0001 3e-05,22,13.201384,13.315476,1.331548,0.0004:1 0.0001:8 3e-05:2,117.8,60.9,178.7,
20261003-182205,2026-10-04T00:05:49,4b61271,k1-5j-s57-gen150-steps250,ga,1,5,57,200,200,150,none,250,0.0004 0.0001 3e-05,44,1.947717,2.221433,1.110717,0.0004:22 0.0001:0 3e-05:0,55.8,29.7,85.5,
20261003-182205,2026-10-04T00:06:55,4b61271,k3-6j-s56-gen300-steps3000,ga,3,6,56,200,200,300,none,3000,0.0004 0.0001 3e-05,22,13.201384,13.341972,1.334197,0.0004:1 0.0001:6 3e-05:4,117.0,162.6,279.6,
20261003-182205,2026-10-04T00:08:12,4b61271,k3-5j-s56-gen300-steps3000,ga,3,5,56,200,200,300,none,3000,0.0004 0.0001 3e-05,95,13.555585,13.937858,1.393786,0.0004:11 0.0001:9 3e-05:24,105.5,770.1,875.7,
20261003-182205,2026-10-04T00:08:43,4b61271,k1-5j-s57-gen150-steps1000,ga,1,5,57,200,200,150,none,1000,0.0004 0.0001 3e-05,44,1.947717,2.24488,1.12244,0.0004:21 0.0001:1 3e-05:0,55.7,118.0,173.7,
20261003-182205,2026-10-04T00:10:37,4b61271,k1-5j-s57-gen300-steps250,ga,1,5,57,200,200,300,none,250,0.0004 0.0001 3e-05,44,2.229352,2.372317,1.186159,0.0004:21 0.0001:1 3e-05:0,116.0,28.8,144.8,
20261003-182205,2026-10-04T00:12:34,4b61271,k1-5j-s57-gen300-steps1000,ga,1,5,57,200,200,300,none,1000,0.0004 0.0001 3e-05,44,2.229352,2.454257,1.227128,0.0004:20 0.0001:1 3e-05:1,115.4,115.2,230.6,
20261003-182205,2026-10-04T00:13:33,4b61271,k1-5j-s57-gen150-steps3000,ga,1,5,57,200,200,150,none,3000,0.0004 0.0001 3e-05,44,1.947717,2.277429,1.138714,0.0004:17 0.0001:5 3e-05:0,56.3,341.5,397.8,
20261003-182205,2026-10-04T00:13:53,4b61271,k1-6j-s57-gen150-steps250,ga,1,6,57,200,200,150,none,250,0.0004 0.0001 3e-05,20,2.24396,2.623274,1.311637,0.0004:3 0.0001:7 3e-05:0,58.7,20.3,79.0,
20261003-182205,2026-10-04T00:15:51,4b61271,k1-6j-s57-gen150-steps1000,ga,1,6,57,200,200,150,none,1000,0.0004 0.0001 3e-05,20,2.24396,2.71581,1.357905,0.0004:2 0.0001:7 3e-05:1,57.9,79.5,137.4,
20261003-182205,2026-10-04T00:18:18,4b61271,k1-5j-s57-gen300-steps3000,ga,1,5,57,200,200,300,none,3000,0.0004 0.0001 3e-05,44,2.229352,2.461814,1.230907,0.0004:15 0.0001:4 3e-05:3,117.7,343.4,461.1,
20261003-182205,2026-10-04T00:18:23,4b61271,k1-6j-s57-gen300-steps250,ga,1,6,57,200,200,300,none,250,0.0004 0.0001 3e-05,38,3.036195,3.308372,1.654186,0.0004:0 0.0001:11 3e-05:8,122.7,29.4,152.1,
20261003-182205,2026-10-04T00:18:54,4b61271,k1-6j-s57-gen150-steps3000,ga,1,6,57,200,200,150,none,3000,0.0004 0.0001 3e-05,20,2.24396,2.800754,1.400377,0.0004:2 0.0001:7 3e-05:1,58.1,243.8,301.9,
20261003-182205,2026-10-04T00:20:12,4b61271,k2-5j-s57-gen150-steps250,ga,2,5,57,200,200,150,none,250,0.0004 0.0001 3e-05,34,4.509812,4.777307,3.184871,0.0004:12 0.0001:2 3e-05:3,49.9,28.1,77.9,
20261003-182205,2026-10-04T00:22:16,4b61271,k1-6j-s57-gen300-steps1000,ga,1,6,57,200,200,300,none,1000,0.0004 0.0001 3e-05,38,3.036195,3.382641,1.69132,0.0004:0 0.0001:8 3e-05:11,120.6,117.4,238.0,
20261003-182205,2026-10-04T00:23:02,4b61271,k2-5j-s57-gen150-steps1000,ga,2,5,57,200,200,150,none,1000,0.0004 0.0001 3e-05,34,4.509812,4.782456,3.188304,0.0004:12 0.0001:0 3e-05:5,51.6,117.5,169.1,
20261003-182205,2026-10-04T00:25:30,4b61271,k2-5j-s57-gen300-steps250,ga,2,5,57,200,200,300,none,250,0.0004 0.0001 3e-05,64,5.034904,5.129817,3.419878,0.0004:1 0.0001:22 3e-05:9,109.1,38.9,148.1,
20261003-182205,2026-10-04T00:26:14,4b61271,k1-6j-s57-gen300-steps3000,ga,1,6,57,200,200,300,none,3000,0.0004 0.0001 3e-05,38,3.036195,3.491408,1.745704,0.0004:0 0.0001:8 3e-05:11,119.9,351.2,471.2,
20261003-182205,2026-10-04T00:28:53,4b61271,k2-5j-s57-gen150-steps3000,ga,2,5,57,200,200,150,none,3000,0.0004 0.0001 3e-05,34,4.509812,4.777611,3.185074,0.0004:10 0.0001:2 3e-05:5,52.3,344.7,397.1,
20261003-182205,2026-10-04T00:29:50,4b61271,k2-5j-s57-gen300-steps1000,ga,2,5,57,200,200,300,none,1000,0.0004 0.0001 3e-05,64,5.034904,5.134773,3.423182,0.0004:2 0.0001:21 3e-05:9,108.1,152.8,260.9,
20261003-182205,2026-10-04T00:30:11,4b61271,k2-6j-s57-gen150-steps250,ga,2,6,57,200,200,150,none,250,0.0004 0.0001 3e-05,28,2.385886,3.211891,2.141261,0.0004:10 0.0001:3 3e-05:1,58.1,20.3,78.4,
20261003-182205,2026-10-04T00:32:11,4b61271,k2-6j-s57-gen150-steps1000,ga,2,6,57,200,200,150,none,1000,0.0004 0.0001 3e-05,28,2.385886,3.231401,2.154267,0.0004:8 0.0001:5 3e-05:1,57.9,82.2,140.1,
20261003-182205,2026-10-04T00:34:52,4b61271,k2-6j-s57-gen300-steps250,ga,2,6,57,200,200,300,none,250,0.0004 0.0001 3e-05,40,3.637364,3.763026,2.508684,0.0004:1 0.0001:15 3e-05:4,131.0,29.9,161.0,
20261003-182205,2026-10-04T00:35:13,4b61271,k2-6j-s57-gen150-steps3000,ga,2,6,57,200,200,150,none,3000,0.0004 0.0001 3e-05,28,2.385886,3.362767,2.241845,0.0004:7 0.0001:4 3e-05:3,58.1,243.2,301.3,
20261003-182205,2026-10-04T00:35:34,4b61271,k2-5j-s57-gen300-steps3000,ga,2,5,57,200,200,300,none,3000,0.0004 0.0001 3e-05,64,5.034904,5.142679,3.428453,0.0004:2 0.0001:21 3e-05:9,107.3,453.2,560.5,
20261003-182205,2026-10-04T00:37:03,4b61271,k3-5j-s57-gen150-steps250,ga,3,5,57,200,200,150,none,250,0.0004 0.0001 3e-05,57,11.754238,13.089208,1.308921,0.0004:14 0.0001:2 3e-05:11,52.3,36.5,88.8,
20261003-182205,2026-10-04T00:38:58,4b61271,k2-6j-s57-gen300-steps1000,ga,2,6,57,200,200,300,none,1000,0.0004 0.0001 3e-05,40,3.637364,3.845864,2.563909,0.0004:1 0.0001:14 3e-05:5,128.4,118.6,247.0,
20261003-182205,2026-10-04T00:40:31,4b61271,k3-5j-s57-gen150-steps1000,ga,3,5,57,200,200,150,none,1000,0.0004 0.0001 3e-05,57,11.754238,13.177561,1.317756,0.0004:10 0.0001:5 3e-05:12,53.9,154.4,208.4,
20261003-182205,2026-10-04T00:43:08,4b61271,k3-5j-s57-gen300-steps250,ga,3,5,57,200,200,300,none,250,0.0004 0.0001 3e-05,56,12.400618,12.430524,1.243052,0.0004:4 0.0001:2 3e-05:17,108.4,47.9,156.3,
20261003-182205,2026-10-04T00:43:15,4b61271,k2-6j-s57-gen300-steps3000,ga,2,6,57,200,200,300,none,3000,0.0004 0.0001 3e-05,40,3.637364,3.891416,2.594277,0.0004:0 0.0001:15 3e-05:5,128.3,353.5,481.8,
20261003-182205,2026-10-04T00:47:35,4b61271,k3-5j-s57-gen150-steps3000,ga,3,5,57,200,200,150,none,3000,0.0004 0.0001 3e-05,57,11.754238,13.244656,1.324466,0.0004:8 0.0001:6 3e-05:13,54.8,461.5,516.3,
20261003-182205,2026-10-04T00:48:07,4b61271,k3-5j-s57-gen300-steps1000,ga,3,5,57,200,200,300,none,1000,0.0004 0.0001 3e-05,56,12.400618,12.430524,1.243052,0.0004:5 0.0001:2 3e-05:16,106.6,192.2,298.9,
20261003-182205,2026-10-04T00:48:38,4b61271,k3-6j-s57-gen150-steps250,ga,3,6,57,200,200,150,none,250,0.0004 0.0001 3e-05,12,12.918773,13.368738,1.336874,0.0004:1 0.0001:2 3e-05:3,55.6,8.0,63.6,
20261003-182205,2026-10-04T00:49:30,4b61271,k3-6j-s57-gen150-steps1000,ga,3,6,57,200,200,150,none,1000,0.0004 0.0001 3e-05,12,12.918773,13.536252,1.353625,0.0004:0 0.0001:3 3e-05:3,54.8,29.0,83.8,
20261003-182205,2026-10-04T00:50:59,4b61271,k3-6j-s57-gen150-steps3000,ga,3,6,57,200,200,150,none,3000,0.0004 0.0001 3e-05,12,12.918773,13.635658,1.363566,0.0004:0 0.0001:1 3e-05:5,55.2,85.2,140.4,
20261003-182205,2026-10-04T00:52:47,4b61271,k3-6j-s57-gen300-steps250,ga,3,6,57,200,200,300,none,250,0.0004 0.0001 3e-05,116,13.793795,13.816233,1.381623,0.0004:3 0.0001:20 3e-05:30,123.9,73.1,197.0,
20261003-182205,2026-10-04T00:54:26,4b61271,k3-5j-s57-gen300-steps3000,ga,3,5,57,200,200,300,none,3000,0.0004 0.0001 3e-05,56,12.400618,12.430524,1.243052,0.0004:7 0.0001:2 3e-05:14,107.6,563.7,671.3,
20261003-182205,2026-10-04T00:56:13,4b61271,k1-5j-s58-gen150-steps250,ga,1,5,58,200,200,150,none,250,0.0004 0.0001 3e-05,66,3.100431,3.474792,1.737396,0.0004:23 0.0001:10 3e-05:0,58.6,48.8,107.4,
20261003-182205,2026-10-04T00:57:58,4b61271,k3-6j-s57-gen300-steps1000,ga,3,6,57,200,200,300,none,1000,0.0004 0.0001 3e-05,116,13.793795,13.816232,1.381623,0.0004:4 0.0001:16 3e-05:33,124.6,294.9,419.5,
20261003-182205,2026-10-04T01:00:25,4b61271,k1-5j-s58-gen150-steps1000,ga,1,5,58,200,200,150,none,1000,0.0004 0.0001 3e-05,66,3.100431,3.541311,1.770656,0.0004:22 0.0001:11 3e-05:0,59.5,192.6,252.1,
20261003-182205,2026-10-04T01:03:51,4b61271,k1-5j-s58-gen300-steps250,ga,1,5,58,200,200,300,none,250,0.0004 0.0001 3e-05,130,3.818664,3.879825,1.939912,0.0004:0 0.0001:65 3e-05:0,120.8,84.4,205.3,
20261003-182205,2026-10-04T01:08:38,4b61271,k1-5j-s58-gen150-steps3000,ga,1,5,58,200,200,150,none,3000,0.0004 0.0001 3e-05,66,3.100431,3.546133,1.773067,0.0004:18 0.0001:15 3e-05:0,59.2,580.3,639.5,
20261003-182205,2026-10-04T01:09:45,4b61271,k3-6j-s57-gen300-steps3000,ga,3,6,57,200,200,300,none,3000,0.0004 0.0001 3e-05,116,13.793795,13.81623,1.381623,0.0004:4 0.0001:14 3e-05:35,125.0,893.0,1018.0,
20261003-182205,2026-10-04T01:11:02,4b61271,k1-6j-s58-gen150-steps250,ga,1,6,58,200,200,150,none,250,0.0004 0.0001 3e-05,20,1.482668,1.737434,0.868717,0.0004:9 0.0001:1 3e-05:0,55.5,20.7,76.2,
20261003-182205,2026-10-04T01:11:24,4b61271,k1-5j-s58-gen300-steps1000,ga,1,5,58,200,200,300,none,1000,0.0004 0.0001 3e-05,130,3.818664,3.965255,1.982628,0.0004:0 0.0001:65 3e-05:0,120.4,333.2,453.7,
20261003-182205,2026-10-04T01:13:15,4b61271,k1-6j-s58-gen150-steps1000,ga,1,6,58,200,200,150,none,1000,0.0004 0.0001 3e-05,20,1.482668,1.730071,0.865035,0.0004:9 0.0001:1 3e-05:0,54.4,78.6,133.0,
20261003-182205,2026-10-04T01:15:55,4b61271,k1-6j-s58-gen300-steps250,ga,1,6,58,200,200,300,none,250,0.0004 0.0001 3e-05,40,1.86589,1.959074,0.979537,0.0004:15 0.0001:3 3e-05:2,129.8,30.1,159.9,
20261003-182205,2026-10-04T01:16:25,4b61271,k1-6j-s58-gen150-steps3000,ga,1,6,58,200,200,150,none,3000,0.0004 0.0001 3e-05,20,1.482668,1.737197,0.868599,0.0004:9 0.0001:1 3e-05:0,54.8,245.4,300.3,
20261003-182205,2026-10-04T01:20:03,4b61271,k1-6j-s58-gen300-steps1000,ga,1,6,58,200,200,300,none,1000,0.0004 0.0001 3e-05,40,1.86589,1.959653,0.979826,0.0004:15 0.0001:1 3e-05:4,128.2,120.4,248.6,
20261003-182205,2026-10-04T01:21:06,4b61271,k2-5j-s58-gen150-steps250,ga,2,5,58,200,200,150,none,250,0.0004 0.0001 3e-05,11,4.007285,4.682965,3.121976,0.0004:2 0.0001:0 3e-05:3,53.8,8.7,62.5,
20261003-182205,2026-10-04T01:22:18,4b61271,k2-5j-s58-gen150-steps1000,ga,2,5,58,200,200,150,none,1000,0.0004 0.0001 3e-05,11,4.007285,4.909017,3.272678,0.0004:2 0.0001:0 3e-05:3,53.7,18.1,71.8,
20261003-182205,2026-10-04T01:23:30,4b61271,k2-5j-s58-gen150-steps3000,ga,2,5,58,200,200,150,none,3000,0.0004 0.0001 3e-05,11,4.007285,4.909017,3.272678,0.0004:2 0.0001:0 3e-05:3,53.7,18.6,72.3,
20261003-182205,2026-10-04T01:24:30,4b61271,k1-6j-s58-gen300-steps3000,ga,1,6,58,200,200,300,none,3000,0.0004 0.0001 3e-05,40,1.86589,1.977842,0.988921,0.0004:13 0.0001:2 3e-05:5,129.1,356.4,485.5,
20261003-182205,2026-10-04T01:25:49,4b61271,k2-5j-s58-gen300-steps250,ga,2,5,58,200,200,300,none,250,0.0004 0.0001 3e-05,24,5.339982,5.448028,3.632019,0.0004:0 0.0001:6 3e-05:1,110.1,29.0,139.1,
20261003-182205,2026-10-04T01:27:02,4b61271,k1-5j-s58-gen300-steps3000,ga,1,5,58,200,200,300,none,3000,0.0004 0.0001 3e-05,130,3.818664,3.976159,1.988079,0.0004:4 0.0001:61 3e-05:0,120.4,983.9,1104.3,
20261003-182205,2026-10-04T01:28:14,4b61271,k2-5j-s58-gen300-steps1000,ga,2,5,58,200,200,300,none,1000,0.0004 0.0001 3e-05,24,5.339982,5.453495,3.635663,0.0004:0 0.0001:5 3e-05:2,109.6,114.3,223.9,
20261003-182205,2026-10-04T01:28:20,4b61271,k2-6j-s58-gen150-steps250,ga,2,6,58,200,200,150,none,250,0.0004 0.0001 3e-05,26,3.460264,4.230394,2.820263,0.0004:10 0.0001:2 3e-05:1,57.1,20.6,77.7,
20261003-182205,2026-10-04T01:30:33,4b61271,k2-6j-s58-gen150-steps1000,ga,2,6,58,200,200,150,none,1000,0.0004 0.0001 3e-05,26,3.460264,4.427054,2.95137,0.0004:6 0.0001:5 3e-05:2,57.7,81.8,139.5,
20261003-182205,2026-10-04T01:33:04,4b61271,k2-6j-s58-gen300-steps250,ga,2,6,58,200,200,300,none,250,0.0004 0.0001 3e-05,30,4.898905,5.053361,3.368907,0.0004:0 0.0001:10 3e-05:5,130.2,20.5,150.8,
20261003-182205,2026-10-04T01:33:21,4b61271,k2-6j-s58-gen150-steps3000,ga,2,6,58,200,200,150,none,3000,0.0004 0.0001 3e-05,26,3.460264,4.582498,3.054998,0.0004:3 0.0001:8 3e-05:2,57.6,243.1,300.7,
20261003-182205,2026-10-04T01:33:21,4b61271,k2-5j-s58-gen300-steps3000,ga,2,5,58,200,200,300,none,3000,0.0004 0.0001 3e-05,24,5.339982,5.462237,3.641492,0.0004:0 0.0001:6 3e-05:1,109.0,343.4,452.4,
20261003-182205,2026-10-04T01:34:42,4b61271,k3-5j-s58-gen150-steps250,ga,3,5,58,200,200,150,none,250,0.0004 0.0001 3e-05,44,15.072408,15.380325,1.538033,0.0004:4 0.0001:14 3e-05:4,51.7,28.4,80.1,
20261003-182205,2026-10-04T01:36:33,4b61271,k2-6j-s58-gen300-steps1000,ga,2,6,58,200,200,300,none,1000,0.0004 0.0001 3e-05,30,4.898905,5.070848,3.380565,0.0004:0 0.0001:10 3e-05:5,128.0,81.0,209.0,
20261003-182205,2026-10-04T01:37:28,4b61271,k3-5j-s58-gen150-steps1000,ga,3,5,58,200,200,150,none,1000,0.0004 0.0001 3e-05,44,15.072408,15.408067,1.540807,0.0004:3 0.0001:13 3e-05:6,51.9,114.9,166.9,
20261003-182205,2026-10-04T01:39:31,4b61271,k2-6j-s58-gen300-steps3000,ga,2,6,58,200,200,300,none,3000,0.0004 0.0001 3e-05,30,4.898905,5.086849,3.391233,0.0004:0 0.0001:10 3e-05:5,127.1,243.7,370.9,
20261003-182205,2026-10-04T01:40:13,4b61271,k3-5j-s58-gen300-steps250,ga,3,5,58,200,200,300,none,250,0.0004 0.0001 3e-05,85,15.406615,15.488077,1.548808,0.0004:12 0.0001:19 3e-05:11,108.6,56.0,164.6,
20261003-182205,2026-10-04T01:43:13,4b61271,k3-5j-s58-gen150-steps3000,ga,3,5,58,200,200,150,none,3000,0.0004 0.0001 3e-05,44,15.072408,15.410778,1.541078,0.0004:3 0.0001:13 3e-05:6,53.8,345.7,399.5,
20261003-182205,2026-10-04T01:44:30,4b61271,k3-6j-s58-gen150-steps250,ga,3,6,58,200,200,150,none,250,0.0004 0.0001 3e-05,18,11.802831,12.890722,1.289072,0.0004:7 0.0001:2 3e-05:0,55.9,21.1,77.0,
20261003-182205,2026-10-04T01:45:02,4b61271,k3-5j-s58-gen300-steps1000,ga,3,5,58,200,200,300,none,1000,0.0004 0.0001 3e-05,85,15.406615,15.501748,1.550175,0.0004:11 0.0001:16 3e-05:15,108.9,222.2,331.1,
20261003-182205,2026-10-04T01:46:48,4b61271,k3-6j-s58-gen150-steps1000,ga,3,6,58,200,200,150,none,1000,0.0004 0.0001 3e-05,18,11.802831,12.91607,1.291607,0.0004:4 0.0001:3 3e-05:2,56.2,82.4,138.7,
20261003-182205,2026-10-04T01:49:28,4b61271,k3-6j-s58-gen300-steps250,ga,3,6,58,200,200,300,none,250,0.0004 0.0001 3e-05,42,13.163582,13.447129,1.344713,0.0004:10 0.0001:8 3e-05:3,129.5,29.9,159.4,
20261003-182205,2026-10-04T01:50:04,4b61271,k3-6j-s58-gen150-steps3000,ga,3,6,58,200,200,150,none,3000,0.0004 0.0001 3e-05,18,11.802831,12.960657,1.296066,0.0004:4 0.0001:3 3e-05:2,55.7,246.0,301.8,
20261003-182205,2026-10-04T01:52:59,4b61271,k3-5j-s58-gen300-steps3000,ga,3,5,58,200,200,300,none,3000,0.0004 0.0001 3e-05,85,15.406615,15.521534,1.552153,0.0004:10 0.0001:14 3e-05:18,108.6,657.0,765.6,
20261003-182205,2026-10-04T01:53:34,4b61271,k3-6j-s58-gen300-steps1000,ga,3,6,58,200,200,300,none,1000,0.0004 0.0001 3e-05,42,13.163582,13.507943,1.350794,0.0004:8 0.0001:6 3e-05:7,129.0,117.3,246.3,
20261003-182205,2026-10-04T01:54:13,4b61271,k1-5j-s59-gen150-steps250,ga,1,5,59,200,200,150,none,250,0.0004 0.0001 3e-05,30,1.954454,2.00248,1.00124,0.0004:15 0.0001:0 3e-05:0,55.5,19.1,74.6,
20261003-182205,2026-10-04T01:55:50,4b61271,k1-5j-s59-gen150-steps1000,ga,1,5,59,200,200,150,none,1000,0.0004 0.0001 3e-05,30,1.954454,2.163542,1.081771,0.0004:14 0.0001:0 3e-05:1,55.4,80.4,135.9,
20261003-182205,2026-10-04T01:57:43,4b61271,k3-6j-s58-gen300-steps3000,ga,3,6,58,200,200,300,none,3000,0.0004 0.0001 3e-05,42,13.163582,13.51268,1.351268,0.0004:8 0.0001:6 3e-05:7,128.0,330.5,458.4,
20261003-182205,2026-10-04T01:58:43,4b61271,k1-5j-s59-gen300-steps250,ga,1,5,59,200,200,300,none,250,0.0004 0.0001 3e-05,94,2.199881,2.336655,1.168327,0.0004:30 0.0001:11 3e-05:6,117.6,55.3,172.9,
20261003-182205,2026-10-04T01:58:58,4b61271,k1-5j-s59-gen150-steps3000,ga,1,5,59,200,200,150,none,3000,0.0004 0.0001 3e-05,30,1.954454,2.216107,1.108053,0.0004:13 0.0001:1 3e-05:1,55.5,229.8,285.3,
20261003-182205,2026-10-04T02:00:06,4b61271,k1-6j-s59-gen150-steps250,ga,1,6,59,200,200,150,none,250,0.0004 0.0001 3e-05,18,1.598391,1.747802,0.873901,0.0004:7 0.0001:1 3e-05:1,47.6,19.5,67.1,
20261003-182205,2026-10-04T02:02:19,4b61271,k1-6j-s59-gen150-steps1000,ga,1,6,59,200,200,150,none,1000,0.0004 0.0001 3e-05,18,1.598391,1.754046,0.877023,0.0004:6 0.0001:2 3e-05:1,52.6,80.7,133.3,
20261003-182205,2026-10-04T02:03:24,4b61271,k1-5j-s59-gen300-steps1000,ga,1,5,59,200,200,300,none,1000,0.0004 0.0001 3e-05,94,2.199881,2.337373,1.168686,0.0004:12 0.0001:25 3e-05:10,116.0,225.6,341.6,
20261003-182205,2026-10-04T02:05:49,4b61271,k1-6j-s59-gen300-steps250,ga,1,6,59,200,200,300,none,250,0.0004 0.0001 3e-05,80,2.047684,2.248315,1.124157,0.0004:36 0.0001:4 3e-05:0,95.7,49.4,145.1,
20261003-182205,2026-10-04T02:07:08,4b61271,k1-6j-s59-gen150-steps3000,ga,1,6,59,200,200,150,none,3000,0.0004 0.0001 3e-05,18,1.598391,1.810777,0.905389,0.0004:7 0.0001:1 3e-05:1,49.8,238.8,288.6,
20261003-182205,2026-10-04T02:10:39,4b61271,k1-6j-s59-gen300-steps1000,ga,1,6,59,200,200,300,none,1000,0.0004 0.0001 3e-05,80,2.047684,2.26072,1.13036,0.0004:26 0.0001:13 3e-05:1,94.9,194.2,289.1,
20261003-182205,2026-10-04T02:10:39,4b61271,k1-5j-s59-gen300-steps3000,ga,1,5,59,200,200,300,none,3000,0.0004 0.0001 3e-05,94,2.199881,2.421916,1.210958,0.0004:10 0.0001:17 3e-05:20,115.6,601.0,716.6,
20261003-182205,2026-10-04T02:11:33,4b61271,k2-5j-s59-gen150-steps250,ga,2,5,59,200,200,150,none,250,0.0004 0.0001 3e-05,6,3.926821,3.933238,2.622159,0.0004:0 0.0001:1 3e-05:0,54.6,0.1,54.8,
20261003-182205,2026-10-04T02:11:34,4b61271,k2-5j-s59-gen150-steps1000,ga,2,5,59,200,200,150,none,1000,0.0004 0.0001 3e-05,6,3.926821,3.933238,2.622159,0.0004:0 0.0001:1 3e-05:0,54.8,0.1,54.9,
20261003-182205,2026-10-04T02:12:28,4b61271,k2-5j-s59-gen150-steps3000,ga,2,5,59,200,200,150,none,3000,0.0004 0.0001 3e-05,6,3.926821,3.933238,2.622159,0.0004:0 0.0001:1 3e-05:0,54.2,0.1,54.3,
20261003-182205,2026-10-04T02:13:35,4b61271,k2-5j-s59-gen300-steps250,ga,2,5,59,200,200,300,none,250,0.0004 0.0001 3e-05,43,4.587403,4.587615,3.05841,0.0004:1 0.0001:3 3e-05:11,113.1,7.8,120.9,
20261003-182205,2026-10-04T02:14:28,4b61271,k2-5j-s59-gen300-steps1000,ga,2,5,59,200,200,300,none,1000,0.0004 0.0001 3e-05,43,4.587403,4.587615,3.05841,0.0004:1 0.0001:3 3e-05:11,112.7,7.9,120.6,
20261003-182205,2026-10-04T02:15:37,4b61271,k2-5j-s59-gen300-steps3000,ga,2,5,59,200,200,300,none,3000,0.0004 0.0001 3e-05,43,4.587403,4.587615,3.05841,0.0004:1 0.0001:3 3e-05:11,113.4,8.1,121.5,
20261003-182205,2026-10-04T02:15:47,4b61271,k2-6j-s59-gen150-steps250,ga,2,6,59,200,200,150,none,250,0.0004 0.0001 3e-05,24,2.711419,3.389182,2.259455,0.0004:4 0.0001:8 3e-05:0,57.4,21.2,78.5,
20261003-182205,2026-10-04T02:17:57,4b61271,k2-6j-s59-gen150-steps1000,ga,2,6,59,200,200,150,none,1000,0.0004 0.0001 3e-05,24,2.711419,3.568971,2.379314,0.0004:6 0.0001:4 3e-05:2,58.1,82.0,140.1,
20261003-182205,2026-10-04T02:18:07,4b61271,k1-6j-s59-gen300-steps3000,ga,1,6,59,200,200,300,none,3000,0.0004 0.0001 3e-05,80,2.047684,2.332006,1.166003,0.0004:30 0.0001:9 3e-05:1,95.0,564.1,659.1,
20261003-182205,2026-10-04T02:20:07,4b61271,k2-6j-s59-gen300-steps250,ga,2,6,59,200,200,300,none,250,0.0004 0.0001 3e-05,16,3.463202,3.969345,2.64623,0.0004:1 0.0001:2 3e-05:5,119.8,10.6,130.4,
20261003-182205,2026-10-04T02:20:45,4b61271,k2-6j-s59-gen150-steps3000,ga,2,6,59,200,200,150,none,3000,0.0004 0.0001 3e-05,24,2.711419,3.568971,2.379314,0.0004:4 0.0001:6 3e-05:2,57.8,240.6,298.4,
20261003-182205,2026-10-04T02:20:49,4b61271,k2-6j-s59-gen300-steps1000,ga,2,6,59,200,200,300,none,1000,0.0004 0.0001 3e-05,16,3.463202,3.969345,2.64623,0.0004:1 0.0001:2 3e-05:5,119.1,43.3,162.4,
20261003-182205,2026-10-04T02:22:07,4b61271,k3-5j-s59-gen150-steps250,ga,3,5,59,200,200,150,none,250,0.0004 0.0001 3e-05,48,12.475237,13.574788,1.357479,0.0004:15 0.0001:8 3e-05:1,52.6,28.8,81.4,
20261003-182205,2026-10-04T02:23:36,4b61271,k3-5j-s59-gen150-steps1000,ga,3,5,59,200,200,150,none,1000,0.0004 0.0001 3e-05,48,12.475237,13.665173,1.366517,0.0004:9 0.0001:9 3e-05:6,52.3,114.6,166.9,
20261003-182205,2026-10-04T02:24:17,4b61271,k2-6j-s59-gen300-steps3000,ga,2,6,59,200,200,300,none,3000,0.0004 0.0001 3e-05,16,3.463202,3.969345,2.64623,0.0004:1 0.0001:2 3e-05:5,120.8,129.3,250.0,
20261003-182205,2026-10-04T02:26:05,4b61271,k3-5j-s59-gen300-steps250,ga,3,5,59,200,200,300,none,250,0.0004 0.0001 3e-05,57,13.700934,13.871536,1.387154,0.0004:5 0.0001:14 3e-05:8,110.3,38.9,149.2,
20261003-182205,2026-10-04T02:28:42,4b61271,k3-5j-s59-gen300-steps1000,ga,3,5,59,200,200,300,none,1000,0.0004 0.0001 3e-05,57,13.700934,13.978439,1.397844,0.0004:4 0.0001:12 3e-05:11,112.1,152.9,264.9,
20261003-182205,2026-10-04T02:28:48,4b61271,k3-5j-s59-gen150-steps3000,ga,3,5,59,200,200,150,none,3000,0.0004 0.0001 3e-05,48,12.475237,13.810659,1.381066,0.0004:7 0.0001:9 3e-05:8,54.0,347.1,401.1,
20261003-182205,2026-10-04T02:29:55,4b61271,k3-6j-s59-gen150-steps250,ga,3,6,59,200,200,150,none,250,0.0004 0.0001 3e-05,20,12.08106,13.0844,1.30844,0.0004:7 0.0001:3 3e-05:0,52.7,20.7,73.4,
20261003-182205,2026-10-04T02:31:03,4b61271,k3-6j-s59-gen150-steps1000,ga,3,6,59,200,200,150,none,1000,0.0004 0.0001 3e-05,20,12.08106,13.184383,1.318438,0.0004:7 0.0001:2 3e-05:1,52.6,82.8,135.4,
20261003-182205,2026-10-04T02:33:50,4b61271,k3-6j-s59-gen300-steps250,ga,3,6,59,200,200,300,none,250,0.0004 0.0001 3e-05,72,13.232998,13.527701,1.35277,0.0004:25 0.0001:6 3e-05:4,118.2,48.3,166.5,
20261003-182205,2026-10-04T02:34:56,4b61271,k3-6j-s59-gen150-steps3000,ga,3,6,59,200,200,150,none,3000,0.0004 0.0001 3e-05,20,12.08106,13.297572,1.329757,0.0004:6 0.0001:3 3e-05:1,53.4,247.3,300.7,
20261003-182205,2026-10-04T02:35:32,4b61271,k3-5j-s59-gen300-steps3000,ga,3,5,59,200,200,300,none,3000,0.0004 0.0001 3e-05,57,13.700934,14.162486,1.416249,0.0004:4 0.0001:11 3e-05:12,112.8,454.2,566.9,
20261003-182205,2026-10-04T02:36:49,4b61271,k1-5j-s60-gen150-steps250,ga,1,5,60,200,200,150,none,250,0.0004 0.0001 3e-05,48,2.501539,2.669102,1.334551,0.0004:10 0.0001:14 3e-05:0,47.7,29.4,77.1,
20261003-182205,2026-10-04T02:38:56,4b61271,k3-6j-s59-gen300-steps1000,ga,3,6,59,200,200,300,none,1000,0.0004 0.0001 3e-05,72,13.232998,13.701002,1.3701,0.0004:20 0.0001:10 3e-05:5,116.5,189.5,306.0,
20261003-182205,2026-10-04T02:39:35,4b61271,k1-5j-s60-gen150-steps1000,ga,1,5,60,200,200,150,none,1000,0.0004 0.0001 3e-05,48,2.501539,2.669102,1.334551,0.0004:8 0.0001:15 3e-05:1,48.4,117.8,166.2,
20261003-182205,2026-10-04T02:42:32,4b61271,k1-5j-s60-gen300-steps250,ga,1,5,60,200,200,300,none,250,0.0004 0.0001 3e-05,142,2.780203,2.833541,1.416771,0.0004:26 0.0001:39 3e-05:5,92.3,84.1,176.4,
20261003-182205,2026-10-04T02:44:27,4b61271,k3-6j-s59-gen300-steps3000,ga,3,6,59,200,200,300,none,3000,0.0004 0.0001 3e-05,72,13.232998,13.915761,1.391576,0.0004:12 0.0001:12 3e-05:11,116.6,453.7,570.4,
20261003-182205,2026-10-04T02:45:41,4b61271,k1-5j-s60-gen150-steps3000,ga,1,5,60,200,200,150,none,3000,0.0004 0.0001 3e-05,48,2.501539,2.669102,1.334551,0.0004:8 0.0001:11 3e-05:5,48.7,356.5,405.1,
20261003-182205,2026-10-04T02:46:53,4b61271,k1-6j-s60-gen150-steps250,ga,1,6,60,200,200,150,none,250,0.0004 0.0001 3e-05,22,1.548774,2.190376,1.095188,0.0004:7 0.0001:3 3e-05:1,50.9,21.2,72.1,
20261003-182205,2026-10-04T02:49:08,4b61271,k1-6j-s60-gen150-steps1000,ga,1,6,60,200,200,150,none,1000,0.0004 0.0001 3e-05,22,1.548774,2.249938,1.124969,0.0004:7 0.0001:3 3e-05:1,51.4,84.4,135.7,
20261003-182205,2026-10-04T02:49:37,4b61271,k1-5j-s60-gen300-steps1000,ga,1,5,60,200,200,300,none,1000,0.0004 0.0001 3e-05,142,2.780203,2.834153,1.417076,0.0004:25 0.0001:37 3e-05:8,92.7,332.3,425.0,
20261003-182205,2026-10-04T02:52:26,4b61271,k1-6j-s60-gen300-steps250,ga,1,6,60,200,200,300,none,250,0.0004 0.0001 3e-05,96,2.274545,2.862691,1.431345,0.0004:14 0.0001:33 3e-05:1,112.5,56.9,169.3,
20261003-182205,2026-10-04T02:54:07,4b61271,k1-6j-s60-gen150-steps3000,ga,1,6,60,200,200,150,none,3000,0.0004 0.0001 3e-05,22,1.548774,2.269063,1.134532,0.0004:7 0.0001:3 3e-05:1,50.7,248.2,298.9,
20261003-182205,2026-10-04T02:58:01,4b61271,k1-6j-s60-gen300-steps1000,ga,1,6,60,200,200,300,none,1000,0.0004 0.0001 3e-05,96,2.274545,2.925886,1.462943,0.0004:6 0.0001:41 3e-05:1,112.4,222.5,334.8,
20261003-182205,2026-10-04T02:59:11,4b61271,k2-5j-s60-gen150-steps250,ga,2,5,60,200,200,150,none,250,0.0004 0.0001 3e-05,32,5.08249,5.255209,3.503473,0.0004:4 0.0001:9 3e-05:3,52.5,17.8,70.3,
20261003-182205,2026-10-04T03:01:00,4b61271,k2-5j-s60-gen150-steps1000,ga,2,5,60,200,200,150,none,1000,0.0004 0.0001 3e-05,32,5.08249,5.275562,3.517041,0.0004:1 0.0001:8 3e-05:7,53.4,55.8,109.3,
20261003-182205,2026-10-04T03:02:32,4b61271,k1-5j-s60-gen300-steps3000,ga,1,5,60,200,200,300,none,3000,0.0004 0.0001 3e-05,142,2.780203,2.834153,1.417076,0.0004:25 0.0001:37 3e-05:8,92.7,992.9,1085.6,
20261003-182205,2026-10-04T03:04:28,4b61271,k2-5j-s60-gen150-steps3000,ga,2,5,60,200,200,150,none,3000,0.0004 0.0001 3e-05,32,5.08249,5.29185,3.5279,0.0004:1 0.0001:4 3e-05:11,51.8,156.2,208.0,
20261003-182205,2026-10-04T03:04:57,4b61271,k2-5j-s60-gen300-steps250,ga,2,5,60,200,200,300,none,250,0.0004 0.0001 3e-05,64,5.368141,5.451942,3.634628,0.0004:6 0.0001:11 3e-05:14,108.9,36.0,144.9,
20261003-182205,2026-10-04T03:06:56,4b61271,k1-6j-s60-gen300-steps3000,ga,1,6,60,200,200,300,none,3000,0.0004 0.0001 3e-05,95,2.274545,2.958314,1.479157,0.0004:7 0.0001:32 3e-05:8,112.6,655.9,768.6,
20261003-182205,2026-10-04T03:08:13,4b61271,k2-6j-s60-gen150-steps250,ga,2,6,60,200,200,150,none,250,0.0004 0.0001 3e-05,26,2.397279,2.772783,1.848522,0.0004:8 0.0001:5 3e-05:0,56.2,20.5,76.8,
20261003-182205,2026-10-04T03:08:25,4b61271,k2-5j-s60-gen300-steps1000,ga,2,5,60,200,200,300,none,1000,0.0004 0.0001 3e-05,64,5.368141,5.474916,3.649944,0.0004:4 0.0001:10 3e-05:17,107.1,129.9,237.0,
20261003-182205,2026-10-04T03:10:29,4b61271,k2-6j-s60-gen150-steps1000,ga,2,6,60,200,200,150,none,1000,0.0004 0.0001 3e-05,26,2.397279,3.185656,2.123771,0.0004:6 0.0001:7 3e-05:0,55.2,81.3,136.5,
20261003-182205,2026-10-04T03:12:34,4b61271,k2-6j-s60-gen300-steps250,ga,2,6,60,200,200,300,none,250,0.0004 0.0001 3e-05,26,4.238699,4.43924,2.959493,0.0004:0 0.0001:5 3e-05:8,110.9,13.7,124.6,
20261003-182205,2026-10-04T03:13:01,4b61271,k2-5j-s60-gen300-steps3000,ga,2,5,60,200,200,300,none,3000,0.0004 0.0001 3e-05,64,5.368141,5.485694,3.65713,0.0004:4 0.0001:9 3e-05:18,107.4,376.2,483.6,
20261003-182205,2026-10-04T03:13:11,4b61271,k2-6j-s60-gen150-steps3000,ga,2,6,60,200,200,150,none,3000,0.0004 0.0001 3e-05,26,2.397279,3.306045,2.20403,0.0004:6 0.0001:5 3e-05:2,54.5,230.9,285.3,
20261003-182205,2026-10-04T03:14:18,4b61271,k3-5j-s60-gen150-steps250,ga,3,5,60,200,200,150,none,250,0.0004 0.0001 3e-05,32,13.247395,13.56475,1.356475,0.0004:10 0.0001:1 3e-05:5,49.0,18.1,67.1,
20261003-182205,2026-10-04T03:15:15,4b61271,k2-6j-s60-gen300-steps1000,ga,2,6,60,200,200,300,none,1000,0.0004 0.0001 3e-05,26,4.238699,4.451697,2.967798,0.0004:0 0.0001:3 3e-05:10,108.8,52.0,160.7,
20261003-182205,2026-10-04T03:16:23,4b61271,k3-5j-s60-gen150-steps1000,ga,3,5,60,200,200,150,none,1000,0.0004 0.0001 3e-05,32,13.247395,13.566482,1.356648,0.0004:10 0.0001:0 3e-05:6,49.8,75.5,125.4,
20261003-182205,2026-10-04T03:17:26,4b61271,k2-6j-s60-gen300-steps3000,ga,2,6,60,200,200,300,none,3000,0.0004 0.0001 3e-05,26,4.238699,4.455911,2.970607,0.0004:0 0.0001:3 3e-05:10,108.1,156.8,265.0,
20261003-182205,2026-10-04T03:18:45,4b61271,k3-5j-s60-gen300-steps250,ga,3,5,60,200,200,300,none,250,0.0004 0.0001 3e-05,77,14.108486,14.36637,1.436637,0.0004:11 0.0001:15 3e-05:12,95.3,46.7,142.0,
20261003-182205,2026-10-04T03:20:01,4b61271,k3-5j-s60-gen150-steps3000,ga,3,5,60,200,200,150,none,3000,0.0004 0.0001 3e-05,32,13.247395,13.579355,1.357936,0.0004:10 0.0001:0 3e-05:6,50.9,235.4,286.3,
20261003-182205,2026-10-04T03:21:27,4b61271,k3-6j-s60-gen150-steps250,ga,3,6,60,200,200,150,none,250,0.0004 0.0001 3e-05,34,11.950834,12.474857,1.247486,0.0004:7 0.0001:2 3e-05:8,57.0,29.6,86.6,
20261003-182205,2026-10-04T03:22:05,4b61271,k3-5j-s60-gen300-steps1000,ga,3,5,60,200,200,300,none,1000,0.0004 0.0001 3e-05,77,14.108486,14.364989,1.436499,0.0004:7 0.0001:18 3e-05:13,96.1,183.5,279.6,
20261003-182205,2026-10-04T03:24:22,4b61271,k3-6j-s60-gen150-steps1000,ga,3,6,60,200,200,150,none,1000,0.0004 0.0001 3e-05,34,11.950834,12.539191,1.253919,0.0004:4 0.0001:3 3e-05:10,56.9,117.8,174.7,
20261003-182205,2026-10-04T03:26:48,4b61271,k3-6j-s60-gen300-steps250,ga,3,6,60,200,200,300,none,250,0.0004 0.0001 3e-05,24,12.980269,13.22375,1.322375,0.0004:8 0.0001:2 3e-05:2,125.5,20.5,145.9,
20261003-182205,2026-10-04T03:28:48,4b61271,k3-6j-s60-gen150-steps3000,ga,3,6,60,200,200,150,none,3000,0.0004 0.0001 3e-05,34,11.950834,12.598862,1.259886,0.0004:3 0.0001:2 3e-05:12,57.3,345.7,403.0,
20261003-182205,2026-10-04T03:29:33,4b61271,k3-5j-s60-gen300-steps3000,ga,3,5,60,200,200,300,none,3000,0.0004 0.0001 3e-05,77,14.108486,14.363763,1.436376,0.0004:6 0.0001:13 3e-05:19,94.9,552.5,647.4,
20261003-182205,2026-10-04T03:30:14,4b61271,k3-6j-s60-gen300-steps1000,ga,3,6,60,200,200,300,none,1000,0.0004 0.0001 3e-05,24,12.980269,13.282549,1.328255,0.0004:7 0.0001:3 3e-05:2,127.0,78.5,205.5,
20261003-182205,2026-10-04T03:30:48,4b61271,k1-5j-s61-gen150-steps250,ga,1,5,61,200,200,150,none,250,0.0004 0.0001 3e-05,34,2.037753,2.207891,1.103946,0.0004:5 0.0001:8 3e-05:4,47.8,27.4,75.2,
20261003-182205,2026-10-04T03:32:56,4b61271,k1-5j-s61-gen150-steps1000,ga,1,5,61,200,200,150,none,1000,0.0004 0.0001 3e-05,34,2.037753,2.2149,1.10745,0.0004:5 0.0001:7 3e-05:5,48.2,114.2,162.4,
20261003-182205,2026-10-04T03:34:53,4b61271,k3-6j-s60-gen300-steps3000,ga,3,6,60,200,200,300,none,3000,0.0004 0.0001 3e-05,24,12.980269,13.32806,1.332806,0.0004:5 0.0001:4 3e-05:3,124.5,240.3,364.8,
20261003-182205,2026-10-04T03:35:04,4b61271,k1-5j-s61-gen300-steps250,ga,1,5,61,200,200,300,none,250,0.0004 0.0001 3e-05,25,2.246229,2.352777,1.176388,0.0004:0 0.0001:7 3e-05:5,108.4,19.8,128.2,
20261003-182205,2026-10-04T03:37:12,4b61271,k1-5j-s61-gen150-steps3000,ga,1,5,61,200,200,150,none,3000,0.0004 0.0001 3e-05,34,2.037753,2.286004,1.143002,0.0004:5 0.0001:6 3e-05:6,48.1,336.4,384.5,
20261003-182205,2026-10-04T03:37:58,4b61271,k1-5j-s61-gen300-steps1000,ga,1,5,61,200,200,300,none,1000,0.0004 0.0001 3e-05,25,2.246229,2.394738,1.197369,0.0004:2 0.0001:2 3e-05:8,106.9,77.8,184.7,
20261003-182205,2026-10-04T03:38:32,4b61271,k1-6j-s61-gen150-steps250,ga,1,6,61,200,200,150,none,250,0.0004 0.0001 3e-05,32,1.869616,1.983758,0.991879,0.0004:16 0.0001:0 3e-05:0,61.0,19.1,80.2,
20261003-182205,2026-10-04T03:40:19,4b61271,k1-6j-s61-gen150-steps1000,ga,1,6,61,200,200,150,none,1000,0.0004 0.0001 3e-05,32,1.869616,2.02531,1.012655,0.0004:16 0.0001:0 3e-05:0,61.5,79.4,140.9,
20261003-182205,2026-10-04T03:40:45,4b61271,k1-5j-s61-gen300-steps3000,ga,1,5,61,200,200,300,none,3000,0.0004 0.0001 3e-05,25,2.246229,2.394738,1.197369,0.0004:2 0.0001:1 3e-05:9,106.6,233.8,340.4,
20261003-182205,2026-10-04T03:42:53,4b61271,k1-6j-s61-gen300-steps250,ga,1,6,61,200,200,300,none,250,0.0004 0.0001 3e-05,32,2.172486,2.229082,1.114541,0.0004:13 0.0001:3 3e-05:0,135.1,19.6,154.8,
20261003-182205,2026-10-04T03:43:16,4b61271,k1-6j-s61-gen150-steps3000,ga,1,6,61,200,200,150,none,3000,0.0004 0.0001 3e-05,32,1.869616,2.104825,1.052412,0.0004:13 0.0001:3 3e-05:0,61.2,221.9,283.1,
20261003-182205,2026-10-04T03:44:17,4b61271,k1-6j-s61-gen300-steps1000,ga,1,6,61,200,200,300,none,1000,0.0004 0.0001 3e-05,32,2.172486,2.259426,1.129713,0.0004:12 0.0001:4 3e-05:0,134.5,77.8,212.3,
20261003-182205,2026-10-04T03:44:27,4b61271,k2-5j-s61-gen150-steps250,ga,2,5,61,200,200,150,none,250,0.0004 0.0001 3e-05,24,3.347414,3.593309,2.395539,0.0004:5 0.0001:4 3e-05:3,53.1,18.7,71.8,
20261003-182205,2026-10-04T03:46:30,4b61271,k2-5j-s61-gen150-steps1000,ga,2,5,61,200,200,150,none,1000,0.0004 0.0001 3e-05,24,3.347414,3.732817,2.488545,0.0004:4 0.0001:1 3e-05:7,53.1,79.8,132.8,
20261003-182205,2026-10-04T03:48:34,4b61271,k2-5j-s61-gen300-steps250,ga,2,5,61,200,200,300,none,250,0.0004 0.0001 3e-05,23,3.960076,4.138468,2.758978,0.0004:0 0.0001:2 3e-05:8,111.0,13.4,124.5,
20261003-182205,2026-10-04T03:49:05,4b61271,k2-5j-s61-gen150-steps3000,ga,2,5,61,200,200,150,none,3000,0.0004 0.0001 3e-05,24,3.347414,3.877318,2.584879,0.0004:4 0.0001:0 3e-05:8,52.7,224.9,277.6,
20261003-182205,2026-10-04T03:49:07,4b61271,k1-6j-s61-gen300-steps3000,ga,1,6,61,200,200,300,none,3000,0.0004 0.0001 3e-05,32,2.172486,2.353827,1.176914,0.0004:11 0.0001:5 3e-05:0,135.3,238.4,373.7,
20261003-182205,2026-10-04T03:50:21,4b61271,k2-6j-s61-gen150-steps250,ga,2,6,61,200,200,150,none,250,0.0004 0.0001 3e-05,28,2.934311,4.186234,2.790823,0.0004:6 0.0001:8 3e-05:0,54.8,19.3,74.1,
20261003-182205,2026-10-04T03:51:07,4b61271,k2-5j-s61-gen300-steps1000,ga,2,5,61,200,200,300,none,1000,0.0004 0.0001 3e-05,23,3.960076,4.268284,2.845523,0.0004:0 0.0001:2 3e-05:8,109.5,42.8,152.3,
20261003-182205,2026-10-04T03:52:24,4b61271,k2-5j-s61-gen300-steps3000,ga,2,5,61,200,200,300,none,3000,0.0004 0.0001 3e-05,23,3.960076,4.282663,2.855109,0.0004:0 0.0001:1 3e-05:9,108.4,90.9,199.2,
20261003-182205,2026-10-04T03:52:35,4b61271,k2-6j-s61-gen150-steps1000,ga,2,6,61,200,200,150,none,1000,0.0004 0.0001 3e-05,28,2.934311,4.335776,2.890517,0.0004:4 0.0001:10 3e-05:0,55.0,79.2,134.2,
20261003-182205,2026-10-04T03:54:35,4b61271,k2-6j-s61-gen300-steps250,ga,2,6,61,200,200,300,none,250,0.0004 0.0001 3e-05,30,4.71715,5.208805,3.472537,0.0004:0 0.0001:14 3e-05:1,111.9,19.3,131.2,
20261003-182205,2026-10-04T03:55:47,4b61271,k2-6j-s61-gen300-steps1000,ga,2,6,61,200,200,300,none,1000,0.0004 0.0001 3e-05,30,4.71715,5.217491,3.478327,0.0004:0 0.0001:9 3e-05:6,112.4,79.1,191.5,
20261003-182205,2026-10-04T03:55:57,4b61271,k2-6j-s61-gen150-steps3000,ga,2,6,61,200,200,150,none,3000,0.0004 0.0001 3e-05,28,2.934311,4.400432,2.933621,0.0004:1 0.0001:9 3e-05:4,55.5,234.7,290.1,
20261003-182205,2026-10-04T03:57:07,4b61271,k3-5j-s61-gen150-steps250,ga,3,5,61,200,200,150,none,250,0.0004 0.0001 3e-05,42,13.323973,14.354886,1.435489,0.0004:9 0.0001:11 3e-05:1,51.9,28.5,80.4,
20261003-182205,2026-10-04T03:58:42,4b61271,k3-5j-s61-gen150-steps1000,ga,3,5,61,200,200,150,none,1000,0.0004 0.0001 3e-05,42,13.323973,14.906615,1.490661,0.0004:9 0.0001:11 3e-05:1,51.6,113.9,165.5,
20261003-182205,2026-10-04T04:00:15,4b61271,k2-6j-s61-gen300-steps3000,ga,2,6,61,200,200,300,none,3000,0.0004 0.0001 3e-05,30,4.71715,5.218953,3.479302,0.0004:0 0.0001:9 3e-05:6,112.6,226.8,339.3,
20261003-182205,2026-10-04T04:01:18,4b61271,k3-5j-s61-gen300-steps250,ga,3,5,61,200,200,300,none,250,0.0004 0.0001 3e-05,66,14.796103,15.148061,1.514806,0.0004:6 0.0001:18 3e-05:9,108.8,46.9,155.7,
20261003-182205,2026-10-04T04:03:40,4b61271,k3-5j-s61-gen150-steps3000,ga,3,5,61,200,200,150,none,3000,0.0004 0.0001 3e-05,42,13.323973,14.931886,1.493189,0.0004:6 0.0001:14 3e-05:1,53.3,339.1,392.4,
20261003-182205,2026-10-04T04:04:59,4b61271,k3-6j-s61-gen150-steps250,ga,3,6,61,200,200,150,none,250,0.0004 0.0001 3e-05,34,11.948826,12.505938,1.250594,0.0004:12 0.0001:5 3e-05:0,49.2,29.5,78.8,
20261003-182205,2026-10-04T04:05:09,4b61271,k3-5j-s61-gen300-steps1000,ga,3,5,61,200,200,300,none,1000,0.0004 0.0001 3e-05,66,14.796103,15.239635,1.523964,0.0004:6 0.0001:14 3e-05:13,109.0,185.3,294.3,
20261003-182205,2026-10-04T04:07:46,4b61271,k3-6j-s61-gen150-steps1000,ga,3,6,61,200,200,150,none,1000,0.0004 0.0001 3e-05,34,11.948826,12.83287,1.283287,0.0004:10 0.0001:5 3e-05:2,48.6,118.7,167.3,
20261003-182205,2026-10-04T04:09:53,4b61271,k3-6j-s61-gen300-steps250,ga,3,6,61,200,200,300,none,250,0.0004 0.0001 3e-05,29,13.845574,14.903046,1.490305,0.0004:9 0.0001:2 3e-05:3,106.5,20.2,126.8,
20261003-182205,2026-10-04T04:11:46,4b61271,k3-6j-s61-gen150-steps3000,ga,3,6,61,200,200,150,none,3000,0.0004 0.0001 3e-05,34,11.948826,13.166358,1.316636,0.0004:9 0.0001:4 3e-05:4,48.4,348.8,397.2,
20261003-182205,2026-10-04T04:12:25,4b61271,k3-5j-s61-gen300-steps3000,ga,3,5,61,200,200,300,none,3000,0.0004 0.0001 3e-05,66,14.796103,15.348867,1.534887,0.0004:3 0.0001:18 3e-05:12,109.4,558.0,667.5,
20261003-182205,2026-10-04T04:12:59,4b61271,k3-6j-s61-gen300-steps1000,ga,3,6,61,200,200,300,none,1000,0.0004 0.0001 3e-05,29,13.845574,15.03763,1.503763,0.0004:6 0.0001:3 3e-05:5,106.7,79.5,186.3,
20261003-182205,2026-10-04T04:14:05,4b61271,k1-5j-s62-gen150-steps250,ga,1,5,62,200,200,150,none,250,0.0004 0.0001 3e-05,72,1.902538,1.961835,0.980917,0.0004:24 0.0001:12 3e-05:0,53.1,46.1,99.2,
20261003-182205,2026-10-04T04:16:58,4b61271,k1-5j-s62-gen150-steps1000,ga,1,5,62,200,200,150,none,1000,0.0004 0.0001 3e-05,72,1.902538,2.010795,1.005397,0.0004:19 0.0001:17 3e-05:0,52.8,186.5,239.3,
20261003-182205,2026-10-04T04:17:20,4b61271,k3-6j-s61-gen300-steps3000,ga,3,6,61,200,200,300,none,3000,0.0004 0.0001 3e-05,29,13.845574,15.093687,1.509369,0.0004:7 0.0001:2 3e-05:5,104.8,228.9,333.8,
20261003-182205,2026-10-04T04:19:47,4b61271,k1-5j-s62-gen300-steps250,ga,1,5,62,200,200,300,none,250,0.0004 0.0001 3e-05,94,2.042379,2.064186,1.032093,0.0004:0 0.0001:47 3e-05:0,114.0,54.8,168.8,
20261003-182205,2026-10-04T04:22:50,4b61271,k1-5j-s62-gen300-steps1000,ga,1,5,62,200,200,300,none,1000,0.0004 0.0001 3e-05,94,2.042379,2.077566,1.038783,0.0004:0 0.0001:47 3e-05:0,113.1,217.2,330.4,
20261003-182205,2026-10-04T04:24:03,4b61271,k1-6j-s62-gen150-steps250,ga,1,6,62,200,200,150,none,250,0.0004 0.0001 3e-05,22,2.627219,3.256453,1.628227,0.0004:7 0.0001:4 3e-05:0,53.2,19.5,72.7,
20261003-182205,2026-10-04T04:24:16,4b61271,k1-5j-s62-gen150-steps3000,ga,1,5,62,200,200,150,none,3000,0.0004 0.0001 3e-05,72,1.902538,2.05888,1.02944,0.0004:4 0.0001:32 3e-05:0,53.9,557.3,611.2,
20261003-182205,2026-10-04T04:26:14,4b61271,k1-6j-s62-gen150-steps1000,ga,1,6,62,200,200,150,none,1000,0.0004 0.0001 3e-05,22,2.627219,3.253462,1.626731,0.0004:7 0.0001:4 3e-05:0,52.2,78.2,130.4,
20261003-182205,2026-10-04T04:28:56,4b61271,k1-6j-s62-gen300-steps250,ga,1,6,62,200,200,300,none,250,0.0004 0.0001 3e-05,79,3.648557,3.781172,1.890586,0.0004:3 0.0001:32 3e-05:4,115.9,47.0,162.9,
20261003-182205,2026-10-04T04:29:09,4b61271,k1-6j-s62-gen150-steps3000,ga,1,6,62,200,200,150,none,3000,0.0004 0.0001 3e-05,22,2.627219,3.266647,1.633324,0.0004:7 0.0001:4 3e-05:0,52.5,240.6,293.2,
20261003-182205,2026-10-04T04:32:31,4b61271,k1-5j-s62-gen300-steps3000,ga,1,5,62,200,200,300,none,3000,0.0004 0.0001 3e-05,94,2.042379,2.111262,1.055631,0.0004:0 0.0001:47 3e-05:0,115.0,648.6,763.6,
20261003-182205,2026-10-04T04:33:39,4b61271,k2-5j-s62-gen150-steps250,ga,2,5,62,200,200,150,none,250,0.0004 0.0001 3e-05,20,3.652749,4.25775,2.8385,0.0004:3 0.0001:3 3e-05:4,52.8,15.1,67.9,
20261003-182205,2026-10-04T04:33:59,4b61271,k1-6j-s62-gen300-steps1000,ga,1,6,62,200,200,300,none,1000,0.0004 0.0001 3e-05,79,3.648557,3.834922,1.917461,0.0004:0 0.0001:35 3e-05:4,114.8,187.6,302.5,
20261003-182205,2026-10-04T04:35:12,4b61271,k2-5j-s62-gen150-steps1000,ga,2,5,62,200,200,150,none,1000,0.0004 0.0001 3e-05,20,3.652749,4.253976,2.835984,0.0004:0 0.0001:4 3e-05:6,52.2,41.3,93.5,
20261003-182205,2026-10-04T04:35:48,4b61271,k2-5j-s62-gen150-steps3000,ga,2,5,62,200,200,150,none,3000,0.0004 0.0001 3e-05,20,3.652749,4.253976,2.835984,0.0004:0 0.0001:2 3e-05:8,51.7,57.1,108.8,
20261003-182205,2026-10-04T04:37:03,4b61271,k2-5j-s62-gen300-steps250,ga,2,5,62,200,200,300,none,250,0.0004 0.0001 3e-05,21,4.740981,4.801235,3.200823,0.0004:0 0.0001:3 3e-05:4,110.1,1.1,111.2,
20261003-182205,2026-10-04T04:37:37,4b61271,k2-5j-s62-gen300-steps1000,ga,2,5,62,200,200,300,none,1000,0.0004 0.0001 3e-05,21,4.740981,4.801235,3.200823,0.0004:0 0.0001:3 3e-05:4,108.5,1.0,109.5,
20261003-182205,2026-10-04T04:38:37,4b61271,k2-6j-s62-gen150-steps250,ga,2,6,62,200,200,150,none,250,0.0004 0.0001 3e-05,12,2.879985,3.59627,2.397513,0.0004:1 0.0001:4 3e-05:1,49.6,10.5,60.1,
20261003-182205,2026-10-04T04:38:53,4b61271,k2-5j-s62-gen300-steps3000,ga,2,5,62,200,200,300,none,3000,0.0004 0.0001 3e-05,21,4.740981,4.801235,3.200823,0.0004:0 0.0001:3 3e-05:4,109.2,1.1,110.2,
20261003-182205,2026-10-04T04:40:09,4b61271,k2-6j-s62-gen150-steps1000,ga,2,6,62,200,200,150,none,1000,0.0004 0.0001 3e-05,12,2.879985,3.770713,2.513809,0.0004:3 0.0001:2 3e-05:1,49.4,42.2,91.6,
20261003-182205,2026-10-04T04:40:15,4b61271,k1-6j-s62-gen300-steps3000,ga,1,6,62,200,200,300,none,3000,0.0004 0.0001 3e-05,79,3.648557,3.901475,1.950737,0.0004:1 0.0001:34 3e-05:4,115.2,551.1,666.3,
20261003-182205,2026-10-04T04:41:20,4b61271,k2-6j-s62-gen150-steps3000,ga,2,6,62,200,200,150,none,3000,0.0004 0.0001 3e-05,12,2.879985,3.869814,2.579876,0.0004:1 0.0001:4 3e-05:1,50.2,96.2,146.4,
20261003-182205,2026-10-04T04:42:12,4b61271,k2-6j-s62-gen300-steps250,ga,2,6,62,200,200,300,none,250,0.0004 0.0001 3e-05,37,4.334387,4.466056,2.977371,0.0004:0 0.0001:7 3e-05:11,103.9,19.4,123.3,
20261003-182205,2026-10-04T04:43:15,4b61271,k2-6j-s62-gen300-steps1000,ga,2,6,62,200,200,300,none,1000,0.0004 0.0001 3e-05,37,4.334387,4.466008,2.977339,0.0004:0 0.0001:4 3e-05:14,104.2,75.8,180.1,
20261003-182205,2026-10-04T04:43:31,4b61271,k3-5j-s62-gen150-steps250,ga,3,5,62,200,200,150,none,250,0.0004 0.0001 3e-05,43,12.820112,13.223356,1.322336,0.0004:13 0.0001:5 3e-05:3,50.7,28.4,79.1,
20261003-182205,2026-10-04T04:46:01,4b61271,k3-5j-s62-gen150-steps1000,ga,3,5,62,200,200,150,none,1000,0.0004 0.0001 3e-05,43,12.820112,13.476715,1.347671,0.0004:9 0.0001:6 3e-05:6,51.3,114.5,165.8,
20261003-182205,2026-10-04T04:46:53,4b61271,k2-6j-s62-gen300-steps3000,ga,2,6,62,200,200,300,none,3000,0.0004 0.0001 3e-05,37,4.334387,4.465586,2.977057,0.0004:0 0.0001:3 3e-05:15,104.8,228.7,333.4,
20261003-182205,2026-10-04T04:49:00,4b61271,k3-5j-s62-gen300-steps250,ga,3,5,62,200,200,300,none,250,0.0004 0.0001 3e-05,121,13.191312,13.517628,1.351763,0.0004:17 0.0001:23 3e-05:16,97.4,81.3,178.8,
20261003-182205,2026-10-04T04:50:03,4b61271,k3-5j-s62-gen150-steps3000,ga,3,5,62,200,200,150,none,3000,0.0004 0.0001 3e-05,43,12.820112,13.927221,1.392722,0.0004:8 0.0001:5 3e-05:8,51.1,340.7,391.8,
20261003-182205,2026-10-04T04:51:15,4b61271,k3-6j-s62-gen150-steps250,ga,3,6,62,200,200,150,none,250,0.0004 0.0001 3e-05,20,11.369817,12.419868,1.241987,0.0004:7 0.0001:3 3e-05:0,52.4,19.9,72.3,
20261003-182205,2026-10-04T04:53:17,4b61271,k3-6j-s62-gen150-steps1000,ga,3,6,62,200,200,150,none,1000,0.0004 0.0001 3e-05,20,11.369817,13.576219,1.357622,0.0004:4 0.0001:5 3e-05:1,53.0,68.7,121.7,
20261003-182205,2026-10-04T04:53:53,4b61271,k3-5j-s62-gen300-steps1000,ga,3,5,62,200,200,300,none,1000,0.0004 0.0001 3e-05,121,13.191312,13.940301,1.39403,0.0004:12 0.0001:27 3e-05:17,98.3,321.4,419.7,
20261003-182205,2026-10-04T04:56:20,4b61271,k3-6j-s62-gen300-steps250,ga,3,6,62,200,200,300,none,250,0.0004 0.0001 3e-05,48,12.774514,13.145347,1.314535,0.0004:9 0.0001:9 3e-05:6,121.7,25.6,147.3,
20261003-182205,2026-10-04T04:57:00,4b61271,k3-6j-s62-gen150-steps3000,ga,3,6,62,200,200,150,none,3000,0.0004 0.0001 3e-05,20,11.369817,14.264662,1.426466,0.0004:3 0.0001:4 3e-05:3,53.1,169.4,222.5,
20261003-182205,2026-10-04T04:59:44,4b61271,k3-6j-s62-gen300-steps1000,ga,3,6,62,200,200,300,none,1000,0.0004 0.0001 3e-05,48,12.774514,13.144092,1.314409,0.0004:9 0.0001:3 3e-05:12,120.0,83.8,203.9,
20261003-182205,2026-10-04T05:01:17,4b61271,k1-5j-s63-gen150-steps250,ga,1,5,63,200,200,150,none,250,0.0004 0.0001 3e-05,52,1.865344,1.977767,0.988883,0.0004:26 0.0001:0 3e-05:0,54.3,38.2,92.4,
20261003-182205,2026-10-04T05:02:17,4b61271,k3-6j-s62-gen300-steps3000,ga,3,6,62,200,200,300,none,3000,0.0004 0.0001 3e-05,48,12.774514,13.144415,1.314441,0.0004:9 0.0001:1 3e-05:14,119.0,198.3,317.3,
20261003-182205,2026-10-04T05:04:43,4b61271,k1-5j-s63-gen150-steps1000,ga,1,5,63,200,200,150,none,1000,0.0004 0.0001 3e-05,52,1.865344,2.055063,1.027532,0.0004:26 0.0001:0 3e-05:0,54.0,152.9,206.9,
20261003-182205,2026-10-04T05:06:40,4b61271,k3-5j-s62-gen300-steps3000,ga,3,5,62,200,200,300,none,3000,0.0004 0.0001 3e-05,121,13.191312,13.940145,1.394014,0.0004:12 0.0001:18 3e-05:26,98.3,961.9,1060.2,
20261003-182205,2026-10-04T05:07:33,4b61271,k1-5j-s63-gen300-steps250,ga,1,5,63,200,200,300,none,250,0.0004 0.0001 3e-05,86,2.040345,2.12719,1.063595,0.0004:40 0.0001:2 3e-05:1,114.8,54.7,169.4,
20261003-182205,2026-10-04T05:10:42,4b61271,k1-5j-s63-gen150-steps3000,ga,1,5,63,200,200,150,none,3000,0.0004 0.0001 3e-05,52,1.865344,2.152443,1.076221,0.0004:23 0.0001:3 3e-05:0,53.7,451.4,505.1,
20261003-182205,2026-10-04T05:11:58,4b61271,k1-6j-s63-gen150-steps250,ga,1,6,63,200,200,150,none,250,0.0004 0.0001 3e-05,20,2.34795,2.575822,1.287911,0.0004:5 0.0001:5 3e-05:0,55.3,20.3,75.6,
20261003-182205,2026-10-04T05:12:12,4b61271,k1-5j-s63-gen300-steps1000,ga,1,5,63,200,200,300,none,1000,0.0004 0.0001 3e-05,86,2.040345,2.235678,1.117839,0.0004:35 0.0001:7 3e-05:1,113.4,218.8,332.2,
20261003-182205,2026-10-04T05:14:10,4b61271,k1-6j-s63-gen150-steps1000,ga,1,6,63,200,200,150,none,1000,0.0004 0.0001 3e-05,20,2.34795,2.599452,1.299726,0.0004:5 0.0001:5 3e-05:0,54.8,77.5,132.3,
20261003-182205,2026-10-04T05:16:44,4b61271,k1-6j-s63-gen300-steps250,ga,1,6,63,200,200,300,none,250,0.0004 0.0001 3e-05,58,3.021615,3.103441,1.551721,0.0004:7 0.0001:21 3e-05:1,115.3,38.7,154.0,
20261003-182205,2026-10-04T05:17:09,4b61271,k1-6j-s63-gen150-steps3000,ga,1,6,63,200,200,150,none,3000,0.0004 0.0001 3e-05,20,2.34795,2.682902,1.341451,0.0004:5 0.0001:5 3e-05:0,54.7,242.6,297.3,
20261003-182205,2026-10-04T05:20:14,4b61271,k1-5j-s63-gen300-steps3000,ga,1,5,63,200,200,300,none,3000,0.0004 0.0001 3e-05,86,2.040345,2.340947,1.170474,0.0004:37 0.0001:5 3e-05:1,112.9,648.6,761.5,
20261003-182205,2026-10-04T05:21:13,4b61271,k1-6j-s63-gen300-steps1000,ga,1,6,63,200,200,300,none,1000,0.0004 0.0001 3e-05,58,3.021615,3.143253,1.571627,0.0004:8 0.0001:20 3e-05:1,114.3,154.8,269.2,
20261003-182205,2026-10-04T05:21:35,4b61271,k2-5j-s63-gen150-steps250,ga,2,5,63,200,200,150,none,250,0.0004 0.0001 3e-05,36,4.838815,5.176765,3.451177,0.0004:2 0.0001:8 3e-05:7,51.7,28.5,80.1,
20261003-182205,2026-10-04T05:23:58,4b61271,k2-5j-s63-gen150-steps1000,ga,2,5,63,200,200,150,none,1000,0.0004 0.0001 3e-05,36,4.838815,5.210803,3.473868,0.0004:0 0.0001:4 3e-05:13,50.8,114.4,165.2,
20261003-182205,2026-10-04T05:26:35,4b61271,k2-5j-s63-gen300-steps250,ga,2,5,63,200,200,300,none,250,0.0004 0.0001 3e-05,67,5.362946,5.438923,3.625949,0.0004:0 0.0001:6 3e-05:25,109.5,46.9,156.3,
20261003-182205,2026-10-04T05:26:43,4b61271,k1-6j-s63-gen300-steps3000,ga,1,6,63,200,200,300,none,3000,0.0004 0.0001 3e-05,58,3.021615,3.20894,1.60447,0.0004:12 0.0001:14 3e-05:3,114.9,458.6,573.5,
20261003-182205,2026-10-04T05:28:04,4b61271,k2-5j-s63-gen150-steps3000,ga,2,5,63,200,200,150,none,3000,0.0004 0.0001 3e-05,36,4.838815,5.228531,3.485687,0.0004:0 0.0001:2 3e-05:15,51.0,338.8,389.8,
20261003-182205,2026-10-04T05:29:14,4b61271,k2-6j-s63-gen150-steps250,ga,2,6,63,200,200,150,none,250,0.0004 0.0001 3e-05,21,2.534131,3.285886,2.190591,0.0004:3 0.0001:3 3e-05:4,52.6,17.4,70.0,
20261003-182205,2026-10-04T05:30:54,4b61271,k2-6j-s63-gen150-steps1000,ga,2,6,63,200,200,150,none,1000,0.0004 0.0001 3e-05,21,2.534131,3.363779,2.242519,0.0004:0 0.0001:2 3e-05:8,53.5,45.8,99.3,
20261003-182205,2026-10-04T05:31:01,4b61271,k2-5j-s63-gen300-steps1000,ga,2,5,63,200,200,300,none,1000,0.0004 0.0001 3e-05,67,5.362946,5.439872,3.626581,0.0004:0 0.0001:5 3e-05:26,108.4,157.8,266.2,
20261003-182205,2026-10-04T05:32:53,4b61271,k2-6j-s63-gen150-steps3000,ga,2,6,63,200,200,150,none,3000,0.0004 0.0001 3e-05,21,2.534131,3.363779,2.242519,0.0004:0 0.0001:1 3e-05:9,53.1,65.9,118.9,
20261003-182205,2026-10-04T05:33:00,4b61271,k2-6j-s63-gen300-steps250,ga,2,6,63,200,200,300,none,250,0.0004 0.0001 3e-05,25,4.185901,4.314073,2.876049,0.0004:0 0.0001:2 3e-05:7,118.0,1.2,119.2,
20261003-182205,2026-10-04T05:34:51,4b61271,k2-6j-s63-gen300-steps1000,ga,2,6,63,200,200,300,none,1000,0.0004 0.0001 3e-05,25,4.185901,4.314073,2.876049,0.0004:0 0.0001:2 3e-05:7,117.6,1.2,118.8,
20261003-182205,2026-10-04T05:34:58,4b61271,k2-6j-s63-gen300-steps3000,ga,2,6,63,200,200,300,none,3000,0.0004 0.0001 3e-05,25,4.185901,4.314073,2.876049,0.0004:0 0.0001:2 3e-05:7,117.1,1.2,118.3,
20261003-182205,2026-10-04T05:35:10,4b61271,k2-5j-s63-gen300-steps3000,ga,2,5,63,200,200,300,none,3000,0.0004 0.0001 3e-05,67,5.362946,5.441464,3.627643,0.0004:0 0.0001:5 3e-05:26,108.6,398.5,507.1,
20261003-182205,2026-10-04T05:36:14,4b61271,k3-5j-s63-gen150-steps250,ga,3,5,63,200,200,150,none,250,0.0004 0.0001 3e-05,42,13.040249,13.434576,1.343458,0.0004:15 0.0001:4 3e-05:2,54.1,28.2,82.3,
20261003-182205,2026-10-04T05:37:32,4b61271,k3-5j-s63-gen150-steps1000,ga,3,5,63,200,200,150,none,1000,0.0004 0.0001 3e-05,42,13.040249,13.692538,1.369254,0.0004:5 0.0001:13 3e-05:3,53.7,100.3,154.0,
20261003-182205,2026-10-04T05:39:24,4b61271,k3-5j-s63-gen300-steps250,ga,3,5,63,200,200,300,none,250,0.0004 0.0001 3e-05,111,13.487265,13.752632,1.375263,0.0004:22 0.0001:9 3e-05:22,113.7,76.8,190.5,
20261003-182205,2026-10-04T05:40:03,4b61271,k3-5j-s63-gen150-steps3000,ga,3,5,63,200,200,150,none,3000,0.0004 0.0001 3e-05,42,13.040249,13.692633,1.369263,0.0004:3 0.0001:11 3e-05:7,53.8,239.4,293.2,
20261003-182205,2026-10-04T05:41:17,4b61271,k3-6j-s63-gen150-steps250,ga,3,6,63,200,200,150,none,250,0.0004 0.0001 3e-05,22,13.165999,14.168222,1.416822,0.0004:2 0.0001:4 3e-05:4,53.4,20.2,73.5,
20261003-182205,2026-10-04T05:43:04,4b61271,k3-5j-s63-gen300-steps1000,ga,3,5,63,200,200,300,none,1000,0.0004 0.0001 3e-05,111,13.487265,13.75269,1.375269,0.0004:7 0.0001:22 3e-05:24,113.2,217.9,331.2,
20261003-182205,2026-10-04T05:43:34,4b61271,k3-6j-s63-gen150-steps1000,ga,3,6,63,200,200,150,none,1000,0.0004 0.0001 3e-05,22,13.165999,14.564269,1.456427,0.0004:2 0.0001:2 3e-05:6,54.7,82.8,137.5,
20261003-182205,2026-10-04T05:45:56,4b61271,k3-6j-s63-gen300-steps250,ga,3,6,63,200,200,300,none,250,0.0004 0.0001 3e-05,35,14.618489,14.997551,1.499755,0.0004:1 0.0001:9 3e-05:7,112.5,29.4,141.9,
20261003-182205,2026-10-04T05:47:47,4b61271,k3-6j-s63-gen150-steps3000,ga,3,6,63,200,200,150,none,3000,0.0004 0.0001 3e-05,22,13.165999,14.573625,1.457363,0.0004:2 0.0001:2 3e-05:6,53.6,229.6,283.3,
20261003-182205,2026-10-04T05:49:38,4b61271,k3-5j-s63-gen300-steps3000,ga,3,5,63,200,200,300,none,3000,0.0004 0.0001 3e-05,111,13.487265,13.75269,1.375269,0.0004:6 0.0001:17 3e-05:30,113.9,499.6,613.5,
20261003-182205,2026-10-04T05:49:45,4b61271,k3-6j-s63-gen300-steps1000,ga,3,6,63,200,200,300,none,1000,0.0004 0.0001 3e-05,35,14.618489,15.058236,1.505824,0.0004:5 0.0001:4 3e-05:8,113.3,115.5,228.8,
20261003-182205,2026-10-04T05:50:51,4b61271,k1-5j-s64-gen150-steps250,ga,1,5,64,200,200,150,none,250,0.0004 0.0001 3e-05,28,3.228907,3.343405,1.671702,0.0004:9 0.0001:4 3e-05:1,53.0,19.9,72.9,
20261003-182205,2026-10-04T05:51:56,4b61271,k1-5j-s64-gen150-steps1000,ga,1,5,64,200,200,150,none,1000,0.0004 0.0001 3e-05,28,3.228907,3.420487,1.710243,0.0004:9 0.0001:3 3e-05:2,52.8,78.7,131.5,
20261003-182205,2026-10-04T05:54:34,4b61271,k1-5j-s64-gen300-steps250,ga,1,5,64,200,200,300,none,250,0.0004 0.0001 3e-05,76,3.537874,3.623963,1.811982,0.0004:23 0.0001:14 3e-05:1,110.4,47.0,157.4,
20261003-182205,2026-10-04T05:55:22,4b61271,k3-6j-s63-gen300-steps3000,ga,3,6,63,200,200,300,none,3000,0.0004 0.0001 3e-05,35,14.618489,15.105003,1.5105,0.0004:5 0.0001:4 3e-05:8,112.9,342.3,455.2,
20261003-182205,2026-10-04T05:55:39,4b61271,k1-5j-s64-gen150-steps3000,ga,1,5,64,200,200,150,none,3000,0.0004 0.0001 3e-05,28,3.228907,3.567115,1.783557,0.0004:9 0.0001:3 3e-05:2,52.9,235.7,288.7,
20261003-182205,2026-10-04T05:56:37,4b61271,k1-6j-s64-gen150-steps250,ga,1,6,64,200,200,150,none,250,0.0004 0.0001 3e-05,16,1.381716,1.472217,0.736109,0.0004:5 0.0001:3 3e-05:0,47.1,10.5,57.6,
20261003-182205,2026-10-04T05:58:09,4b61271,k1-6j-s64-gen150-steps1000,ga,1,6,64,200,200,150,none,1000,0.0004 0.0001 3e-05,16,1.381716,1.502041,0.75102,0.0004:6 0.0001:2 3e-05:0,48.3,44.1,92.4,
20261003-182205,2026-10-04T05:59:29,4b61271,k1-5j-s64-gen300-steps1000,ga,1,5,64,200,200,300,none,1000,0.0004 0.0001 3e-05,76,3.537874,3.705234,1.852617,0.0004:24 0.0001:13 3e-05:1,109.5,185.2,294.7,
20261003-182205,2026-10-04T06:01:05,4b61271,k1-6j-s64-gen150-steps3000,ga,1,6,64,200,200,150,none,3000,0.0004 0.0001 3e-05,16,1.381716,1.526414,0.763207,0.0004:5 0.0001:3 3e-05:0,48.7,127.0,175.8,
20261003-182205,2026-10-04T06:01:54,4b61271,k1-6j-s64-gen300-steps250,ga,1,6,64,200,200,300,none,250,0.0004 0.0001 3e-05,63,2.318043,2.369727,1.184863,0.0004:16 0.0001:12 3e-05:3,108.1,37.7,145.8,
20261003-182205,2026-10-04T06:05:25,4b61271,k1-6j-s64-gen300-steps1000,ga,1,6,64,200,200,300,none,1000,0.0004 0.0001 3e-05,63,2.318043,2.41701,1.208505,0.0004:20 0.0001:7 3e-05:4,107.9,152.2,260.1,
20261003-182205,2026-10-04T06:06:26,4b61271,k1-5j-s64-gen300-steps3000,ga,1,5,64,200,200,300,none,3000,0.0004 0.0001 3e-05,76,3.537874,3.824316,1.912158,0.0004:27 0.0001:10 3e-05:1,108.5,555.1,663.6,
20261003-182205,2026-10-04T06:06:37,4b61271,k2-5j-s64-gen150-steps250,ga,2,5,64,200,200,150,none,250,0.0004 0.0001 3e-05,22,3.99504,4.234775,2.823183,0.0004:1 0.0001:7 3e-05:3,51.9,20.0,72.0,
20261003-182205,2026-10-04T06:08:33,4b61271,k2-5j-s64-gen150-steps1000,ga,2,5,64,200,200,150,none,1000,0.0004 0.0001 3e-05,22,3.99504,4.242922,2.828615,0.0004:1 0.0001:7 3e-05:3,50.8,76.2,127.0,
20261003-182205,2026-10-04T06:10:58,4b61271,k2-5j-s64-gen300-steps250,ga,2,5,64,200,200,300,none,250,0.0004 0.0001 3e-05,55,4.400233,4.469004,2.979336,0.0004:0 0.0001:17 3e-05:9,107.4,38.2,145.7,
20261003-182205,2026-10-04T06:11:16,4b61271,k1-6j-s64-gen300-steps3000,ga,1,6,64,200,200,300,none,3000,0.0004 0.0001 3e-05,63,2.318043,2.495429,1.247714,0.0004:19 0.0001:7 3e-05:5,108.2,453.2,561.3,
20261003-182205,2026-10-04T06:11:26,4b61271,k2-5j-s64-gen150-steps3000,ga,2,5,64,200,200,150,none,3000,0.0004 0.0001 3e-05,22,3.99504,4.280501,2.853667,0.0004:1 0.0001:7 3e-05:3,51.3,237.5,288.8,
20261003-182205,2026-10-04T06:12:36,4b61271,k2-6j-s64-gen150-steps250,ga,2,6,64,200,200,150,none,250,0.0004 0.0001 3e-05,20,2.530592,3.96236,2.641573,0.0004:4 0.0001:2 3e-05:4,50.6,19.6,70.2,
20261003-182205,2026-10-04T06:14:50,4b61271,k2-6j-s64-gen150-steps1000,ga,2,6,64,200,200,150,none,1000,0.0004 0.0001 3e-05,20,2.530592,4.066418,2.710945,0.0004:1 0.0001:4 3e-05:5,52.3,81.9,134.2,
20261003-182205,2026-10-04T06:15:16,4b61271,k2-5j-s64-gen300-steps1000,ga,2,5,64,200,200,300,none,1000,0.0004 0.0001 3e-05,55,4.400233,4.49404,2.996027,0.0004:0 0.0001:17 3e-05:9,105.6,152.2,257.7,
20261003-182205,2026-10-04T06:17:11,4b61271,k2-6j-s64-gen300-steps250,ga,2,6,64,200,200,300,none,250,0.0004 0.0001 3e-05,28,3.866832,4.344389,2.89626,0.0004:0 0.0001:2 3e-05:12,105.3,10.1,115.4,
20261003-182205,2026-10-04T06:19:27,4b61271,k2-6j-s64-gen300-steps1000,ga,2,6,64,200,200,300,none,1000,0.0004 0.0001 3e-05,28,3.866832,4.432624,2.955082,0.0004:0 0.0001:1 3e-05:13,106.0,29.4,135.4,
20261003-182205,2026-10-04T06:19:45,4b61271,k2-6j-s64-gen150-steps3000,ga,2,6,64,200,200,150,none,3000,0.0004 0.0001 3e-05,20,2.530592,4.083113,2.722075,0.0004:1 0.0001:2 3e-05:7,52.7,241.5,294.2,
20261003-182205,2026-10-04T06:20:32,4b61271,k2-5j-s64-gen300-steps3000,ga,2,5,64,200,200,300,none,3000,0.0004 0.0001 3e-05,55,4.400233,4.572141,3.048094,0.0004:0 0.0001:17 3e-05:9,105.9,450.9,556.8,
20261003-182205,2026-10-04T06:21:06,4b61271,k3-5j-s64-gen150-steps250,ga,3,5,64,200,200,150,none,250,0.0004 0.0001 3e-05,34,12.834685,13.260258,1.326026,0.0004:12 0.0001:4 3e-05:1,53.4,27.7,81.1,
20261003-182205,2026-10-04T06:22:32,4b61271,k2-6j-s64-gen300-steps3000,ga,2,6,64,200,200,300,none,3000,0.0004 0.0001 3e-05,28,3.866832,4.434337,2.956224,0.0004:0 0.0001:1 3e-05:13,105.3,79.6,184.9,
20261003-182205,2026-10-04T06:23:19,4b61271,k3-5j-s64-gen150-steps1000,ga,3,5,64,200,200,150,none,1000,0.0004 0.0001 3e-05,34,12.834685,13.376204,1.33762,0.0004:12 0.0001:1 3e-05:4,51.8,114.7,166.4,
20261003-182205,2026-10-04T06:24:51,4b61271,k3-5j-s64-gen300-steps250,ga,3,5,64,200,200,300,none,250,0.0004 0.0001 3e-05,38,14.078975,15.212984,1.521298,0.0004:5 0.0001:4 3e-05:10,111.5,28.1,139.6,
20261003-182205,2026-10-04T06:27:03,4b61271,k3-5j-s64-gen300-steps1000,ga,3,5,64,200,200,300,none,1000,0.0004 0.0001 3e-05,38,14.078975,15.212774,1.521277,0.0004:3 0.0001:4 3e-05:12,110.7,113.1,223.8,
20261003-182205,2026-10-04T06:27:36,4b61271,k3-5j-s64-gen150-steps3000,ga,3,5,64,200,200,150,none,3000,0.0004 0.0001 3e-05,34,12.834685,13.597457,1.359746,0.0004:9 0.0001:3 3e-05:5,52.5,337.5,390.0,
20261003-182205,2026-10-04T06:28:26,4b61271,k3-6j-s64-gen150-steps250,ga,3,6,64,200,200,150,none,250,0.0004 0.0001 3e-05,44,12.092907,12.782277,1.278228,0.0004:19 0.0001:2 3e-05:1,53.7,29.3,83.0,
20261003-182205,2026-10-04T06:30:26,4b61271,k3-6j-s64-gen150-steps1000,ga,3,6,64,200,200,150,none,1000,0.0004 0.0001 3e-05,43,12.092907,12.829275,1.282927,0.0004:16 0.0001:3 3e-05:2,53.8,116.2,170.0,
20261003-182205,2026-10-04T06:32:23,4b61271,k3-5j-s64-gen300-steps3000,ga,3,5,64,200,200,300,none,3000,0.0004 0.0001 3e-05,38,14.078975,15.212914,1.521291,0.0004:3 0.0001:4 3e-05:12,110.7,341.3,452.1,
20261003-182205,2026-10-04T06:32:37,4b61271,k3-6j-s64-gen300-steps250,ga,3,6,64,200,200,300,none,250,0.0004 0.0001 3e-05,40,12.761321,13.382041,1.338204,0.0004:14 0.0001:5 3e-05:1,102.8,28.6,131.4,
20261003-182205,2026-10-04T06:35:05,4b61271,k3-6j-s64-gen150-steps3000,ga,3,6,64,200,200,150,none,3000,0.0004 0.0001 3e-05,44,12.092907,12.922195,1.29222,0.0004:15 0.0001:4 3e-05:3,54.2,345.3,399.6,
20261003-182205,2026-10-04T06:35:59,4b61271,k3-6j-s64-gen300-steps1000,ga,3,6,64,200,200,300,none,1000,0.0004 0.0001 3e-05,40,12.761321,13.453772,1.345377,0.0004:13 0.0001:6 3e-05:1,101.2,114.6,215.8,
20261003-182205,2026-10-04T06:36:25,4b61271,k1-5j-s65-gen150-steps250,ga,1,5,65,200,200,150,none,250,0.0004 0.0001 3e-05,48,2.776633,2.889053,1.444526,0.0004:13 0.0001:11 3e-05:0,51.1,28.6,79.7,
20261003-182205,2026-10-04T06:38:45,4b61271,k1-5j-s65-gen150-steps1000,ga,1,5,65,200,200,150,none,1000,0.0004 0.0001 3e-05,48,2.776633,2.893199,1.4466,0.0004:12 0.0001:12 3e-05:0,50.7,115.1,165.8,
20261003-182205,2026-10-04T06:40:01,4b61271,k3-6j-s64-gen300-steps3000,ga,3,6,64,200,200,300,none,3000,0.0004 0.0001 3e-05,40,12.761321,13.663648,1.366365,0.0004:10 0.0001:9 3e-05:1,101.7,342.4,444.0,
20261003-182205,2026-10-04T06:41:24,4b61271,k1-5j-s65-gen300-steps250,ga,1,5,65,200,200,300,none,250,0.0004 0.0001 3e-05,87,3.075144,3.210302,1.605151,0.0004:24 0.0001:16 3e-05:2,105.0,53.8,158.8,
20261003-182205,2026-10-04T06:42:58,4b61271,k1-5j-s65-gen150-steps3000,ga,1,5,65,200,200,150,none,3000,0.0004 0.0001 3e-05,48,2.776633,2.900515,1.450257,0.0004:13 0.0001:11 3e-05:0,50.8,342.2,393.0,
20261003-182205,2026-10-04T06:43:56,4b61271,k1-6j-s65-gen150-steps250,ga,1,6,65,200,200,150,none,250,0.0004 0.0001 3e-05,10,1.450116,1.78574,0.89287,0.0004:4 0.0001:0 3e-05:1,47.0,10.9,57.8,
20261003-182205,2026-10-04T06:45:24,4b61271,k1-5j-s65-gen300-steps1000,ga,1,5,65,200,200,300,none,1000,0.0004 0.0001 3e-05,87,3.075144,3.22049,1.610245,0.0004:20 0.0001:19 3e-05:3,104.9,217.8,322.7,
20261003-182205,2026-10-04T06:45:27,4b61271,k1-6j-s65-gen150-steps1000,ga,1,6,65,200,200,150,none,1000,0.0004 0.0001 3e-05,10,1.450116,1.795519,0.897759,0.0004:4 0.0001:0 3e-05:1,47.9,43.5,91.4,
20261003-182205,2026-10-04T06:47:52,4b61271,k1-6j-s65-gen300-steps250,ga,1,6,65,200,200,300,none,250,0.0004 0.0001 3e-05,60,1.834534,1.938172,0.969086,0.0004:27 0.0001:0 3e-05:0,97.7,47.2,144.9,
20261003-182205,2026-10-04T06:48:17,4b61271,k1-6j-s65-gen150-steps3000,ga,1,6,65,200,200,150,none,3000,0.0004 0.0001 3e-05,10,1.450116,1.828985,0.914493,0.0004:4 0.0001:0 3e-05:1,46.4,127.0,173.4,
20261003-182205,2026-10-04T06:52:39,4b61271,k1-6j-s65-gen300-steps1000,ga,1,6,65,200,200,300,none,1000,0.0004 0.0001 3e-05,60,1.834534,1.946728,0.973364,0.0004:26 0.0001:1 3e-05:0,97.6,189.4,287.0,
20261003-182205,2026-10-04T06:53:50,4b61271,k2-5j-s65-gen150-steps250,ga,2,5,65,200,200,150,none,250,0.0004 0.0001 3e-05,18,3.320385,3.420713,2.280475,0.0004:2 0.0001:2 3e-05:5,50.8,20.3,71.1,
20261003-182205,2026-10-04T06:54:00,4b61271,k1-5j-s65-gen300-steps3000,ga,1,5,65,200,200,300,none,3000,0.0004 0.0001 3e-05,87,3.075144,3.233941,1.616971,0.0004:20 0.0001:15 3e-05:7,103.9,651.9,755.8,
20261003-182205,2026-10-04T06:56:01,4b61271,k2-5j-s65-gen150-steps1000,ga,2,5,65,200,200,150,none,1000,0.0004 0.0001 3e-05,18,3.320385,3.424767,2.283178,0.0004:2 0.0001:2 3e-05:5,50.6,80.1,130.8,
20261003-182205,2026-10-04T06:57:48,4b61271,k2-5j-s65-gen300-steps250,ga,2,5,65,200,200,300,none,250,0.0004 0.0001 3e-05,26,4.125018,4.126297,2.750864,0.0004:0 0.0001:0 3e-05:9,106.4,0.7,107.1,
20261003-182205,2026-10-04T06:58:36,4b61271,k2-5j-s65-gen150-steps3000,ga,2,5,65,200,200,150,none,3000,0.0004 0.0001 3e-05,18,3.320385,3.488991,2.325994,0.0004:2 0.0001:2 3e-05:5,50.4,226.5,276.9,
20261003-182205,2026-10-04T06:59:15,4b61271,k1-6j-s65-gen300-steps3000,ga,1,6,65,200,200,300,none,3000,0.0004 0.0001 3e-05,60,1.834534,1.972841,0.986421,0.0004:26 0.0001:1 3e-05:0,98.0,559.6,657.6,
20261003-182205,2026-10-04T06:59:34,4b61271,k2-5j-s65-gen300-steps1000,ga,2,5,65,200,200,300,none,1000,0.0004 0.0001 3e-05,26,4.125018,4.126297,2.750864,0.0004:0 0.0001:0 3e-05:9,105.3,0.7,106.0,
20261003-182205,2026-10-04T07:00:21,4b61271,k2-5j-s65-gen300-steps3000,ga,2,5,65,200,200,300,none,3000,0.0004 0.0001 3e-05,26,4.125018,4.126297,2.750864,0.0004:0 0.0001:0 3e-05:9,103.5,0.7,104.2,
20261003-182205,2026-10-04T07:00:24,4b61271,k2-6j-s65-gen150-steps250,ga,2,6,65,200,200,150,none,250,0.0004 0.0001 3e-05,23,2.504606,2.635802,1.757201,0.0004:2 0.0001:5 3e-05:4,53.8,15.1,68.9,
20261003-182205,2026-10-04T07:01:05,4b61271,k2-6j-s65-gen150-steps1000,ga,2,6,65,200,200,150,none,1000,0.0004 0.0001 3e-05,23,2.504606,2.636405,1.757603,0.0004:1 0.0001:3 3e-05:7,53.8,36.5,90.4,
20261003-182205,2026-10-04T07:01:49,4b61271,k2-6j-s65-gen150-steps3000,ga,2,6,65,200,200,150,none,3000,0.0004 0.0001 3e-05,23,2.504606,2.636405,1.757603,0.0004:1 0.0001:3 3e-05:7,53.5,35.0,88.5,
20261003-182205,2026-10-04T07:02:46,4b61271,k2-6j-s65-gen300-steps250,ga,2,6,65,200,200,300,none,250,0.0004 0.0001 3e-05,36,3.752094,3.865703,2.577135,0.0004:1 0.0001:7 3e-05:9,122.4,19.5,141.9,
20261003-182205,2026-10-04T07:03:59,4b61271,k2-6j-s65-gen300-steps1000,ga,2,6,65,200,200,300,none,1000,0.0004 0.0001 3e-05,36,3.752094,3.876741,2.584494,0.0004:1 0.0001:6 3e-05:10,121.8,52.3,174.1,
20261003-182205,2026-10-04T07:03:59,4b61271,k3-5j-s65-gen150-steps250,ga,3,5,65,200,200,150,none,250,0.0004 0.0001 3e-05,26,13.185779,13.366147,1.336615,0.0004:3 0.0001:3 3e-05:6,53.3,19.9,73.2,
20261003-182205,2026-10-04T07:04:52,4b61271,k2-6j-s65-gen300-steps3000,ga,2,6,65,200,200,300,none,3000,0.0004 0.0001 3e-05,36,3.752094,3.876741,2.584494,0.0004:1 0.0001:5 3e-05:11,121.4,61.5,182.9,
20261003-182205,2026-10-04T07:06:04,4b61271,k3-5j-s65-gen150-steps1000,ga,3,5,65,200,200,150,none,1000,0.0004 0.0001 3e-05,26,13.185779,13.541629,1.354163,0.0004:3 0.0001:2 3e-05:7,54.1,71.3,125.4,
20261003-182205,2026-10-04T07:07:49,4b61271,k3-5j-s65-gen150-steps3000,ga,3,5,65,200,200,150,none,3000,0.0004 0.0001 3e-05,26,13.185779,13.59193,1.359193,0.0004:0 0.0001:4 3e-05:8,54.3,176.0,230.3,
20261003-182205,2026-10-04T07:07:55,4b61271,k3-5j-s65-gen300-steps250,ga,3,5,65,200,200,300,none,250,0.0004 0.0001 3e-05,105,13.354942,13.512814,1.351281,0.0004:13 0.0001:15 3e-05:15,110.6,72.5,183.1,
20261003-182205,2026-10-04T07:08:59,4b61271,k3-6j-s65-gen150-steps250,ga,3,6,65,200,200,150,none,250,0.0004 0.0001 3e-05,16,11.051126,11.913766,1.191377,0.0004:7 0.0001:0 3e-05:1,53.5,10.6,64.0,
20261003-182205,2026-10-04T07:10:37,4b61271,k3-6j-s65-gen150-steps1000,ga,3,6,65,200,200,150,none,1000,0.0004 0.0001 3e-05,16,11.051126,12.571434,1.257143,0.0004:7 0.0001:1 3e-05:0,53.3,44.2,97.5,
20261003-182205,2026-10-04T07:12:44,4b61271,k3-5j-s65-gen300-steps1000,ga,3,5,65,200,200,300,none,1000,0.0004 0.0001 3e-05,105,13.354942,13.662786,1.366279,0.0004:9 0.0001:9 3e-05:25,111.3,289.1,400.4,
20261003-182205,2026-10-04T07:13:40,4b61271,k3-6j-s65-gen150-steps3000,ga,3,6,65,200,200,150,none,3000,0.0004 0.0001 3e-05,16,11.051126,12.704313,1.270431,0.0004:4 0.0001:3 3e-05:1,54.0,128.9,182.9,
20261003-182205,2026-10-04T07:15:08,4b61271,k3-6j-s65-gen300-steps250,ga,3,6,65,200,200,300,none,250,0.0004 0.0001 3e-05,43,13.706047,14.714474,1.471447,0.0004:10 0.0001:7 3e-05:4,114.3,29.3,143.6,
20261003-182205,2026-10-04T07:17:30,4b61271,k3-6j-s65-gen300-steps1000,ga,3,6,65,200,200,300,none,1000,0.0004 0.0001 3e-05,43,13.706047,14.944131,1.494413,0.0004:7 0.0001:10 3e-05:4,113.9,116.6,230.5,
20261003-182205,2026-10-04T07:18:49,4b61271,k1-5j-s66-gen150-steps250,ga,1,5,66,200,200,150,none,250,0.0004 0.0001 3e-05,38,2.747907,2.809528,1.404764,0.0004:0 0.0001:16 3e-05:3,49.3,29.1,78.4,
20261003-182205,2026-10-04T07:21:35,4b61271,k1-5j-s66-gen150-steps1000,ga,1,5,66,200,200,150,none,1000,0.0004 0.0001 3e-05,38,2.747907,2.850326,1.425163,0.0004:0 0.0001:16 3e-05:3,49.7,116.9,166.6,
20261003-182205,2026-10-04T07:22:58,4b61271,k3-6j-s65-gen300-steps3000,ga,3,6,65,200,200,300,none,3000,0.0004 0.0001 3e-05,43,13.706047,15.025268,1.502527,0.0004:7 0.0001:10 3e-05:4,115.6,354.6,470.2,
20261003-182205,2026-10-04T07:24:11,4b61271,k3-5j-s65-gen300-steps3000,ga,3,5,65,200,200,300,none,3000,0.0004 0.0001 3e-05,105,13.354942,13.662786,1.366279,0.0004:6 0.0001:9 3e-05:28,111.3,870.1,981.4,
20261003-182205,2026-10-04T07:25:59,4b61271,k1-5j-s66-gen300-steps250,ga,1,5,66,200,200,300,none,250,0.0004 0.0001 3e-05,114,2.938804,3.099704,1.549852,0.0004:1 0.0001:51 3e-05:5,108.2,72.7,180.9,
20261003-182205,2026-10-04T07:28:11,4b61271,k1-5j-s66-gen150-steps3000,ga,1,5,66,200,200,150,none,3000,0.0004 0.0001 3e-05,38,2.747907,3.024094,1.512047,0.0004:2 0.0001:14 3e-05:3,50.0,346.0,396.0,
20261003-182205,2026-10-04T07:29:26,4b61271,k1-6j-s66-gen150-steps250,ga,1,6,66,200,200,150,none,250,0.0004 0.0001 3e-05,23,1.785165,1.897755,0.948877,0.0004:10 0.0001:1 3e-05:0,54.7,20.0,74.7,
20261003-182205,2026-10-04T07:31:00,4b61271,k1-5j-s66-gen300-steps1000,ga,1,5,66,200,200,300,none,1000,0.0004 0.0001 3e-05,114,2.938804,3.203245,1.601623,0.0004:1 0.0001:50 3e-05:6,108.5,301.1,409.6,
20261003-182205,2026-10-04T07:31:38,4b61271,k1-6j-s66-gen150-steps1000,ga,1,6,66,200,200,150,none,1000,0.0004 0.0001 3e-05,23,1.785165,1.903911,0.951956,0.0004:10 0.0001:1 3e-05:0,52.9,78.8,131.7,
20261003-182205,2026-10-04T07:34:28,4b61271,k1-6j-s66-gen300-steps250,ga,1,6,66,200,200,300,none,250,0.0004 0.0001 3e-05,49,2.18322,2.223337,1.111669,0.0004:24 0.0001:0 3e-05:0,132.0,38.8,170.8,
20261003-182205,2026-10-04T07:36:02,4b61271,k1-6j-s66-gen150-steps3000,ga,1,6,66,200,200,150,none,3000,0.0004 0.0001 3e-05,23,1.785165,1.924693,0.962346,0.0004:10 0.0001:1 3e-05:0,52.1,249.7,301.8,
20261003-182205,2026-10-04T07:39:05,4b61271,k1-6j-s66-gen300-steps1000,ga,1,6,66,200,200,300,none,1000,0.0004 0.0001 3e-05,49,2.18322,2.263279,1.13164,0.0004:22 0.0001:2 3e-05:0,123.0,153.4,276.4,
20261003-182205,2026-10-04T07:40:09,4b61271,k2-5j-s66-gen150-steps250,ga,2,5,66,200,200,150,none,250,0.0004 0.0001 3e-05,27,4.19717,4.669944,3.113296,0.0004:1 0.0001:5 3e-05:7,48.7,15.1,63.8,
20261003-182205,2026-10-04T07:41:57,4b61271,k2-5j-s66-gen150-steps1000,ga,2,5,66,200,200,150,none,1000,0.0004 0.0001 3e-05,27,4.19717,4.73278,3.155186,0.0004:0 0.0001:5 3e-05:8,48.9,59.2,108.0,
20261003-182205,2026-10-04T07:42:49,4b61271,k1-5j-s66-gen300-steps3000,ga,1,5,66,200,200,300,none,3000,0.0004 0.0001 3e-05,114,2.938804,3.42387,1.711935,0.0004:6 0.0001:44 3e-05:7,111.9,897.6,1009.5,
20261003-182205,2026-10-04T07:45:34,4b61271,k2-5j-s66-gen150-steps3000,ga,2,5,66,200,200,150,none,3000,0.0004 0.0001 3e-05,27,4.19717,4.770443,3.180295,0.0004:0 0.0001:2 3e-05:11,52.6,164.8,217.4,
20261003-182205,2026-10-04T07:45:36,4b61271,k2-5j-s66-gen300-steps250,ga,2,5,66,200,200,300,none,250,0.0004 0.0001 3e-05,128,4.851344,4.980854,3.320569,0.0004:13 0.0001:10 3e-05:40,107.7,59.5,167.2,
20261003-182205,2026-10-04T07:46:07,4b61271,k1-6j-s66-gen300-steps3000,ga,1,6,66,200,200,300,none,3000,0.0004 0.0001 3e-05,49,2.18322,2.334539,1.16727,0.0004:16 0.0001:7 3e-05:1,123.4,481.2,604.6,
20261003-182205,2026-10-04T07:47:21,4b61271,k2-6j-s66-gen150-steps250,ga,2,6,66,200,200,150,none,250,0.0004 0.0001 3e-05,22,2.591307,3.228202,2.152134,0.0004:5 0.0001:6 3e-05:0,54.3,20.3,74.6,
20261003-182205,2026-10-04T07:49:40,4b61271,k2-6j-s66-gen150-steps1000,ga,2,6,66,200,200,150,none,1000,0.0004 0.0001 3e-05,22,2.591307,3.429929,2.286619,0.0004:4 0.0001:3 3e-05:4,55.1,83.2,138.3,
20261003-182205,2026-10-04T07:50:59,4b61271,k2-5j-s66-gen300-steps1000,ga,2,5,66,200,200,300,none,1000,0.0004 0.0001 3e-05,128,4.851344,4.981464,3.320976,0.0004:13 0.0001:8 3e-05:42,102.5,223.1,325.5,
20261003-182205,2026-10-04T07:53:16,4b61271,k2-6j-s66-gen300-steps250,ga,2,6,66,200,200,300,none,250,0.0004 0.0001 3e-05,44,4.477008,4.566357,3.044238,0.0004:0 0.0001:1 3e-05:20,120.0,16.9,136.9,
20261003-182205,2026-10-04T07:54:59,4b61271,k2-6j-s66-gen150-steps3000,ga,2,6,66,200,200,150,none,3000,0.0004 0.0001 3e-05,22,2.591307,3.516625,2.344416,0.0004:2 0.0001:5 3e-05:4,55.9,263.8,319.7,
20261003-182205,2026-10-04T07:55:59,4b61271,k2-6j-s66-gen300-steps1000,ga,2,6,66,200,200,300,none,1000,0.0004 0.0001 3e-05,44,4.477008,4.898137,3.265424,0.0004:0 0.0001:1 3e-05:20,120.3,42.3,162.6,
20261003-182205,2026-10-04T07:57:13,4b61271,k3-5j-s66-gen150-steps250,ga,3,5,66,200,200,150,none,250,0.0004 0.0001 3e-05,20,13.049079,13.648406,1.364841,0.0004:1 0.0001:2 3e-05:7,54.4,19.5,73.9,
20261003-182205,2026-10-04T07:58:30,4b61271,k2-5j-s66-gen300-steps3000,ga,2,5,66,200,200,300,none,3000,0.0004 0.0001 3e-05,128,4.851344,4.981612,3.321075,0.0004:13 0.0001:8 3e-05:42,102.6,671.4,774.0,
20261003-182205,2026-10-04T07:58:59,4b61271,k2-6j-s66-gen300-steps3000,ga,2,6,66,200,200,300,none,3000,0.0004 0.0001 3e-05,44,4.477008,4.898137,3.265424,0.0004:0 0.0001:1 3e-05:20,115.5,124.2,239.7,
20261003-182205,2026-10-04T07:59:28,4b61271,k3-5j-s66-gen150-steps1000,ga,3,5,66,200,200,150,none,1000,0.0004 0.0001 3e-05,20,13.049079,13.717531,1.371753,0.0004:1 0.0001:1 3e-05:8,58.9,75.9,134.8,
20261003-182205,2026-10-04T08:01:24,4b61271,k3-5j-s66-gen300-steps250,ga,3,5,66,200,200,300,none,250,0.0004 0.0001 3e-05,56,14.152353,14.480256,1.448026,0.0004:1 0.0001:6 3e-05:19,107.3,37.3,144.6,
